timestamp,machine,actual_cpu,logical_cpu,profile_cpu,actual_memory,logical_memory,profile_memory
2026-03-19 21:07:38.568266,worker-01,25.87,23.07,26.96,10.86,9.68,21.57
2026-03-19 22:07:38.568272,worker-01,25.11,27.0,27.58,13.23,14.23,22.07
2026-03-19 23:07:38.568273,worker-01,43.65,38.53,29.4,39.05,34.47,23.52
2026-03-20 00:07:38.568274,worker-01,34.4,34.44,32.29,29.76,29.79,25.83
2026-03-20 01:07:38.568275,worker-01,33.09,28.05,36.05,19.07,16.17,28.84
2026-03-20 02:07:38.568275,worker-01,49.87,43.55,40.42,46.11,40.26,32.34
2026-03-20 03:07:38.568276,worker-01,35.33,32.18,45.11,19.91,18.13,36.09
2026-03-20 04:07:38.568276,worker-01,57.36,64.29,49.78,41.03,45.98,39.82
2026-03-20 05:07:38.568277,worker-01,72.94,84.5,54.12,56.88,65.89,43.3
2026-03-20 06:07:38.568278,worker-01,62.98,71.62,57.83,48.69,55.38,46.26
2026-03-20 07:07:38.568278,worker-01,54.35,46.74,60.64,50.46,43.39,48.51
2026-03-20 08:07:38.568279,worker-01,72.6,64.14,62.38,53.14,46.95,49.9
2026-03-20 09:07:38.568279,worker-01,69.65,65.04,62.91,43.94,41.03,50.33
2026-03-20 10:07:38.568280,worker-01,68.54,77.52,62.2,46.19,52.24,49.76
2026-03-20 11:07:38.568280,worker-01,70.81,65.9,60.3,49.51,46.08,48.24
2026-03-20 12:07:38.568281,worker-01,48.63,57.17,57.35,57.05,67.06,45.88
2026-03-20 13:07:38.568281,worker-01,46.11,38.94,53.53,53.01,44.77,42.83
2026-03-20 14:07:38.568282,worker-01,48.12,47.48,49.13,57.9,57.13,39.3
2026-03-20 15:07:38.568282,worker-01,65.83,55.47,44.43,40.99,34.54,35.54
2026-03-20 16:07:38.568283,worker-01,58.36,58.91,39.77,31.63,31.93,31.82
2026-03-20 17:07:38.568283,worker-01,40.81,40.66,35.47,40.62,40.47,28.37
2026-03-20 18:07:38.568284,worker-01,25.09,22.35,31.82,16.03,14.28,25.45
2026-03-20 19:07:38.568284,worker-01,30.56,36.01,29.07,25.58,30.14,23.26
2026-03-20 20:07:38.568285,worker-01,32.79,38.23,27.42,31.55,36.79,21.93
2026-03-20 21:07:38.568285,worker-01,27.78,28.11,26.98,16.99,17.19,21.58
2026-03-20 22:07:38.568286,worker-01,44.65,47.18,27.77,22.58,23.86,22.22
2026-03-20 23:07:38.568287,worker-01,35.0,37.48,29.75,16.17,17.32,23.8
2026-03-21 00:07:38.568287,worker-01,31.8,29.1,32.78,36.35,33.25,26.22
2026-03-21 01:07:38.568288,worker-01,10.81,11.82,36.64,34.61,37.87,29.31
2026-03-21 02:07:38.568288,worker-01,58.98,69.29,41.08,36.41,42.77,32.86
2026-03-21 03:07:38.568289,worker-01,41.03,40.59,45.78,40.37,39.94,36.63
2026-03-21 04:07:38.568289,worker-01,51.45,55.98,50.43,44.79,48.74,40.34
2026-03-21 05:07:38.568290,worker-01,66.62,73.19,54.69,36.65,40.27,43.76
2026-03-21 06:07:38.568290,worker-01,58.41,48.61,58.29,44.61,37.13,46.63
2026-03-21 07:07:38.568291,worker-01,62.02,66.5,60.96,31.52,33.8,48.77
2026-03-21 08:07:38.568291,worker-01,56.8,55.85,62.53,63.97,62.89,50.02
2026-03-21 09:07:38.568292,worker-01,72.66,67.76,62.88,42.01,39.18,50.31
2026-03-21 10:07:38.568293,worker-01,74.47,75.13,62.0,37.13,37.46,49.6
2026-03-21 11:07:38.568293,worker-01,81.1,68.6,59.94,59.55,50.37,47.95
2026-03-21 12:07:38.568294,worker-01,71.08,67.71,56.85,31.82,30.32,45.48
2026-03-21 13:07:38.568294,worker-01,63.95,72.74,52.93,34.7,39.47,42.35
2026-03-21 14:07:38.568295,worker-01,41.31,35.83,48.47,29.06,25.2,38.77
2026-03-21 15:07:38.568295,worker-01,61.34,60.98,43.76,31.63,31.45,35.0
2026-03-21 16:07:38.568296,worker-01,47.32,52.67,39.13,13.72,15.27,31.3
2026-03-21 17:07:38.568296,worker-01,44.24,50.82,34.9,29.92,34.38,27.92
2026-03-21 18:07:38.568297,worker-01,47.61,46.41,31.36,25.57,24.93,25.09
2026-03-21 19:07:38.568297,worker-01,31.78,31.5,28.76,26.95,26.71,23.01
2026-03-21 20:07:38.568298,worker-01,42.55,40.27,27.28,24.74,23.42,21.82
2026-03-21 21:07:38.568298,worker-01,36.28,40.63,27.01,26.57,29.75,21.61
2026-03-21 22:07:38.568299,worker-01,41.03,35.66,27.98,45.55,39.59,22.39
2026-03-21 23:07:38.568300,worker-01,34.93,32.61,30.12,19.36,18.07,24.1
2026-03-22 00:07:38.568300,worker-01,39.11,36.34,33.28,23.15,21.51,26.63
2026-03-22 01:07:38.568301,worker-01,45.87,42.52,37.25,25.16,23.32,29.8
2026-03-22 02:07:38.568301,worker-01,43.96,45.31,41.74,21.75,22.41,33.39
2026-03-22 03:07:38.568302,worker-01,43.76,41.5,46.46,50.35,47.75,37.17
2026-03-22 04:07:38.568302,worker-01,47.39,43.54,51.07,33.82,31.07,40.85
2026-03-22 05:07:38.568303,worker-01,48.81,54.29,55.26,65.25,72.57,44.2
2026-03-22 06:07:38.568303,worker-01,58.09,50.42,58.73,62.21,54.0,46.99
2026-03-22 07:07:38.568304,worker-01,52.86,49.05,61.26,50.48,46.84,49.01
2026-03-22 08:07:38.568304,worker-01,73.44,85.57,62.66,33.84,39.43,50.12
2026-03-22 09:07:38.568305,worker-01,61.41,52.92,62.83,53.64,46.23,50.27
2026-03-22 10:07:38.568305,worker-01,54.45,61.69,61.78,62.87,71.23,49.42
2026-03-22 11:07:38.568306,worker-01,53.86,50.08,59.56,68.1,63.31,47.65
2026-03-22 12:07:38.568306,worker-01,52.03,54.56,56.33,32.74,34.34,45.07
2026-03-22 13:07:38.568307,worker-01,66.43,57.59,52.32,37.79,32.76,41.86
2026-03-22 14:07:38.568308,worker-01,50.39,58.83,47.8,46.58,54.38,38.24
2026-03-22 15:07:38.568308,worker-01,42.36,38.01,43.08,40.94,36.74,34.46
2026-03-22 16:07:38.568309,worker-01,52.31,57.38,38.49,25.0,27.42,30.79
2026-03-22 17:07:38.568309,worker-01,58.79,50.77,34.34,25.54,22.06,27.48
2026-03-22 18:07:38.568310,worker-01,28.31,25.64,30.93,12.78,11.57,24.74
2026-03-22 19:07:38.568310,worker-01,33.1,29.38,28.48,1.78,1.58,22.78
2026-03-22 20:07:38.568311,worker-01,34.1,39.29,27.17,17.12,19.73,21.73
2026-03-22 21:07:38.568311,worker-01,21.3,22.99,27.08,30.31,32.73,21.66
2026-03-22 22:07:38.568312,worker-01,20.1,18.8,28.22,27.09,25.34,22.58
2026-03-22 23:07:38.568312,worker-01,36.13,40.71,30.52,16.42,18.5,24.41
2026-03-23 00:07:38.568313,worker-01,33.96,31.69,33.81,32.02,29.88,27.04
2026-03-23 01:07:38.568314,worker-01,34.64,37.61,37.86,22.48,24.41,30.29
2026-03-23 02:07:38.568314,worker-01,38.43,43.37,42.41,48.57,54.82,33.93
2026-03-23 03:07:38.568315,worker-01,59.52,50.84,47.13,26.73,22.82,37.7
2026-03-23 04:07:38.568315,worker-01,51.11,58.46,51.7,46.88,53.62,41.36
2026-03-23 05:07:38.568316,worker-01,59.77,64.16,55.8,45.64,48.99,44.64
2026-03-23 06:07:38.568316,worker-01,50.31,45.52,59.16,48.87,44.22,47.32
2026-03-23 07:07:38.568317,worker-01,78.89,75.47,61.53,43.49,41.61,49.22
2026-03-23 08:07:38.568317,worker-01,72.71,71.6,62.76,58.81,57.91,50.21
2026-03-23 09:07:38.568318,worker-01,57.36,63.3,62.76,58.88,64.98,50.21
2026-03-23 10:07:38.568319,worker-01,73.08,81.17,61.53,58.7,65.2,49.22
2026-03-23 11:07:38.568319,worker-01,71.41,78.0,59.16,55.02,60.09,47.32
2026-03-23 12:07:38.568320,worker-01,58.52,51.4,55.8,66.93,58.79,44.64
2026-03-23 13:07:38.568320,worker-01,45.72,44.82,51.7,41.26,40.45,41.36
2026-03-23 14:07:38.568321,worker-01,60.49,48.96,47.13,20.91,16.93,37.7
2026-03-23 15:07:38.568321,worker-01,67.99,76.73,42.41,37.54,42.37,33.93
2026-03-23 16:07:38.568322,worker-01,42.79,48.32,37.86,39.45,44.55,30.29
2026-03-23 17:07:38.568322,worker-01,45.24,50.92,33.81,20.67,23.26,27.04
2026-03-23 18:07:38.568323,worker-01,42.76,44.03,30.52,18.67,19.23,24.41
2026-03-23 19:07:38.568323,worker-01,12.95,13.46,28.22,36.38,37.82,22.58
2026-03-23 20:07:38.568324,worker-01,26.04,20.87,27.08,20.89,16.74,21.66
2026-03-23 21:07:38.568324,worker-01,57.73,56.42,27.17,8.36,8.17,21.73
2026-03-23 22:07:38.568325,worker-01,38.5,42.92,28.48,31.34,34.95,22.78
2026-03-23 23:07:38.568326,worker-01,24.69,23.01,30.93,15.36,14.31,24.74
2026-03-24 00:07:38.568326,worker-01,32.19,32.76,34.34,17.04,17.34,27.48
2026-03-24 01:07:38.568327,worker-01,27.7,24.97,38.49,48.4,43.63,30.79
2026-03-24 02:07:38.568327,worker-01,62.98,63.97,43.08,36.74,37.32,34.46
2026-03-24 03:07:38.568328,worker-01,42.48,43.35,47.8,24.12,24.62,38.24
2026-03-24 04:07:38.568328,worker-01,59.45,47.98,52.32,39.71,32.05,41.86
2026-03-24 05:07:38.568329,worker-01,60.27,63.32,56.33,29.29,30.77,45.07
2026-03-24 06:07:38.568329,worker-01,59.22,48.36,59.56,45.24,36.94,47.65
2026-03-24 07:07:38.568330,worker-01,62.07,60.37,61.78,38.3,37.25,49.42
2026-03-24 08:07:38.568330,worker-01,70.37,67.02,62.83,43.44,41.38,50.27
2026-03-24 09:07:38.568331,worker-01,75.71,63.18,62.66,55.63,46.43,50.12
2026-03-24 10:07:38.568332,worker-01,69.13,59.03,61.26,46.9,40.04,49.01
2026-03-24 11:07:38.568332,worker-01,53.16,54.14,58.73,78.03,79.47,46.99
2026-03-24 12:07:38.568333,worker-01,59.3,69.88,55.26,38.74,45.66,44.2
2026-03-24 13:07:38.568333,worker-01,46.68,38.43,51.07,52.93,43.58,40.85
2026-03-24 14:07:38.568334,worker-01,32.4,32.12,46.46,36.1,35.78,37.17
2026-03-24 15:07:38.568334,worker-01,34.09,31.95,41.74,34.06,31.93,33.39
2026-03-24 16:07:38.568335,worker-01,44.83,40.34,37.25,19.46,17.51,29.8
2026-03-24 17:07:38.568335,worker-01,44.54,36.74,33.28,12.9,10.64,26.63
2026-03-24 18:07:38.568336,worker-01,41.64,39.43,30.12,20.04,18.97,24.1
2026-03-24 19:07:38.568336,worker-01,43.52,41.13,27.98,25.06,23.68,22.39
2026-03-24 20:07:38.568337,worker-01,29.64,34.24,27.01,32.41,37.44,21.61
2026-03-24 21:07:38.568337,worker-01,43.83,49.58,27.28,32.36,36.61,21.82
2026-03-24 22:07:38.568338,worker-01,24.38,23.29,28.76,3.75,3.58,23.01
2026-03-24 23:07:38.568339,worker-01,40.18,36.86,31.36,28.62,26.26,25.09
2026-03-25 00:07:38.568339,worker-01,29.89,33.7,34.9,43.4,48.92,27.92
2026-03-25 01:07:38.568340,worker-01,45.22,53.6,39.13,24.51,29.06,31.3
2026-03-25 02:07:38.568340,worker-01,61.9,73.11,43.76,44.03,52.01,35.0
2026-03-25 03:07:38.568341,worker-01,51.22,46.31,48.47,37.85,34.23,38.77
2026-03-25 04:07:38.568341,worker-01,62.44,68.05,52.93,49.53,53.97,42.35
2026-03-25 05:07:38.568342,worker-01,48.69,40.29,56.85,50.68,41.94,45.48
2026-03-25 06:07:38.568342,worker-01,75.34,88.96,59.94,54.65,64.53,47.95
2026-03-25 07:07:38.568343,worker-01,60.94,59.52,62.0,41.2,40.23,49.6
2026-03-25 08:07:38.568344,worker-01,67.94,65.49,62.88,39.02,37.61,50.31
2026-03-25 09:07:38.568344,worker-01,64.58,66.51,62.53,57.88,59.61,50.02
2026-03-25 10:07:38.568345,worker-01,72.76,70.35,60.96,52.99,51.24,48.77
2026-03-25 11:07:38.568345,worker-01,58.37,60.81,58.29,52.43,54.62,46.63
2026-03-25 12:07:38.568346,worker-01,45.79,41.21,54.69,45.59,41.03,43.76
2026-03-25 13:07:38.568346,worker-01,49.01,49.89,50.43,47.91,48.77,40.34
2026-03-25 14:07:38.568347,worker-01,67.16,59.37,45.78,29.59,26.16,36.63
2026-03-25 15:07:38.568347,worker-01,52.58,48.89,41.08,34.97,32.51,32.86
2026-03-25 16:07:38.568348,worker-01,32.17,34.72,36.64,9.66,10.43,29.31
2026-03-25 17:07:38.568348,worker-01,29.41,32.8,32.78,22.21,24.77,26.22
2026-03-25 18:07:38.568349,worker-01,28.74,31.76,29.75,29.36,32.44,23.8
2026-03-25 19:07:38.568349,worker-01,13.97,15.74,27.77,29.82,33.6,22.22
2026-03-25 20:07:38.568350,worker-01,18.5,16.89,26.98,21.9,19.99,21.58
2026-03-25 21:07:38.568350,worker-01,31.44,28.08,27.42,36.9,32.95,21.93
2026-03-25 22:07:38.568351,worker-01,10.84,10.62,29.07,24.81,24.31,23.26
2026-03-25 23:07:38.568352,worker-01,29.72,35.04,31.82,40.63,47.9,25.45
2026-03-26 00:07:38.568352,worker-01,40.14,48.17,35.47,25.53,30.64,28.37
2026-03-26 01:07:38.568353,worker-01,35.84,37.53,39.77,15.88,16.62,31.82
2026-03-26 02:07:38.568353,worker-01,39.71,36.63,44.43,25.25,23.29,35.54
2026-03-26 03:07:38.568354,worker-01,51.32,47.16,49.13,37.87,34.8,39.3
2026-03-26 04:07:38.568354,worker-01,57.73,63.09,53.53,50.7,55.41,42.83
2026-03-26 05:07:38.568355,worker-01,49.88,42.13,57.35,27.98,23.64,45.88
2026-03-26 06:07:38.568355,worker-01,71.02,71.22,60.3,61.26,61.43,48.24
2026-03-26 07:07:38.568356,worker-01,61.64,59.46,62.2,55.63,53.67,49.76
2026-03-26 08:07:38.568356,worker-01,64.73,69.21,62.91,55.35,59.18,50.33
2026-03-26 09:07:38.568357,worker-01,71.7,66.49,62.38,35.13,32.58,49.9
2026-03-26 10:07:38.568358,worker-01,68.37,69.52,60.64,42.82,43.54,48.51
2026-03-26 11:07:38.568358,worker-01,65.9,67.41,57.83,58.92,60.27,46.26
2026-03-26 12:07:38.568359,worker-01,78.62,66.55,54.12,40.79,34.53,43.3
2026-03-26 13:07:38.568359,worker-01,34.01,33.94,49.78,60.32,60.2,39.82
2026-03-26 14:07:38.568360,worker-01,60.41,67.67,45.11,44.55,49.9,36.09
2026-03-26 15:07:38.568360,worker-01,25.33,27.38,40.42,30.1,32.53,32.34
2026-03-26 16:07:38.568361,worker-01,27.4,31.44,36.05,48.01,55.08,28.84
2026-03-26 17:07:38.568361,worker-01,41.81,48.57,32.29,15.79,18.34,25.83
2026-03-26 18:07:38.568362,worker-01,32.21,35.0,29.4,9.67,10.51,23.52
2026-03-26 19:07:38.568362,worker-01,17.67,18.4,27.58,52.52,54.7,22.07
2026-03-26 20:07:38.568363,worker-01,39.2,42.64,26.96,30.06,32.7,21.57
2026-03-19 21:07:38.568266,worker-02,29.01,34.72,21.96,16.25,19.44,17.57
2026-03-19 22:07:38.568272,worker-02,25.83,27.48,22.47,28.24,30.05,17.97
2026-03-19 23:07:38.568273,worker-02,17.44,18.17,23.95,46.73,48.67,19.16
2026-03-20 00:07:38.568274,worker-02,27.92,23.83,26.3,22.83,19.49,21.04
2026-03-20 01:07:38.568275,worker-02,45.9,48.01,29.36,27.27,28.52,23.49
2026-03-20 02:07:38.568275,worker-02,34.85,40.62,32.92,21.51,25.07,26.34
2026-03-20 03:07:38.568276,worker-02,25.19,22.24,36.74,32.15,28.4,29.39
2026-03-20 04:07:38.568276,worker-02,44.54,36.01,40.55,20.54,16.6,32.44
2026-03-20 05:07:38.568277,worker-02,43.83,38.0,44.08,20.49,17.77,35.27
2026-03-20 06:07:38.568278,worker-02,52.32,59.15,47.1,58.51,66.15,37.68
2026-03-20 07:07:38.568278,worker-02,51.05,45.26,49.4,43.13,38.23,39.52
2026-03-20 08:07:38.568279,worker-02,51.99,56.36,50.81,47.27,51.25,40.65
2026-03-20 09:07:38.568279,worker-02,54.49,58.86,51.24,36.25,39.16,40.99
2026-03-20 10:07:38.568280,worker-02,47.12,50.24,50.67,49.17,52.43,40.53
2026-03-20 11:07:38.568280,worker-02,61.65,51.89,49.12,39.48,33.23,39.3
2026-03-20 12:07:38.568281,worker-02,54.97,61.2,46.71,43.32,48.23,37.37
2026-03-20 13:07:38.568281,worker-02,44.27,39.42,43.6,16.35,14.55,34.88
2026-03-20 14:07:38.568282,worker-02,37.59,37.0,40.01,31.58,31.09,32.01
2026-03-20 15:07:38.568282,worker-02,32.92,39.36,36.19,25.16,30.09,28.95
2026-03-20 16:07:38.568283,worker-02,39.93,45.05,32.39,23.02,25.97,25.92
2026-03-20 17:07:38.568283,worker-02,29.52,30.52,28.89,33.16,34.29,23.11
2026-03-20 18:07:38.568284,worker-02,31.86,25.72,25.91,28.36,22.89,20.73
2026-03-20 19:07:38.568284,worker-02,38.36,39.9,23.68,14.51,15.09,18.94
2026-03-20 20:07:38.568285,worker-02,13.27,12.39,22.33,24.84,23.19,17.87
2026-03-20 21:07:38.568285,worker-02,21.28,18.63,21.97,28.5,24.94,17.58
2026-03-20 22:07:38.568286,worker-02,5.37,5.47,22.62,25.59,26.03,18.1
2026-03-20 23:07:38.568287,worker-02,22.23,23.47,24.23,28.98,30.6,19.39
2026-03-21 00:07:38.568287,worker-02,25.73,21.83,26.7,19.73,16.74,21.36
2026-03-21 01:07:38.568288,worker-02,27.55,23.26,29.85,31.24,26.38,23.88
2026-03-21 02:07:38.568288,worker-02,26.95,23.68,33.46,13.29,11.68,26.77
2026-03-21 03:07:38.568289,worker-02,43.22,37.48,37.29,36.76,31.87,29.83
2026-03-21 04:07:38.568289,worker-02,43.34,41.45,41.07,30.66,29.33,32.86
2026-03-21 05:07:38.568290,worker-02,54.67,44.5,44.55,37.42,30.46,35.64
2026-03-21 06:07:38.568290,worker-02,44.24,51.13,47.48,38.98,45.06,37.98
2026-03-21 07:07:38.568291,worker-02,50.79,54.3,49.65,32.31,34.55,39.72
2026-03-21 08:07:38.568291,worker-02,65.8,54.58,50.93,60.23,49.96,40.75
2026-03-21 09:07:38.568292,worker-02,65.05,77.29,51.22,58.34,69.32,40.98
2026-03-21 10:07:38.568293,worker-02,45.18,36.88,50.5,55.21,45.07,40.4
2026-03-21 11:07:38.568293,worker-02,43.65,43.24,48.82,31.17,30.89,39.06
2026-03-21 12:07:38.568294,worker-02,48.1,46.99,46.3,27.88,27.24,37.04
2026-03-21 13:07:38.568294,worker-02,36.9,43.83,43.11,32.49,38.59,34.49
2026-03-21 14:07:38.568295,worker-02,59.22,62.37,39.48,40.33,42.48,31.58
2026-03-21 15:07:38.568295,worker-02,52.6,45.8,35.64,36.64,31.9,28.51
2026-03-21 16:07:38.568296,worker-02,34.01,29.37,31.87,22.71,19.61,25.5
2026-03-21 17:07:38.568296,worker-02,26.91,24.64,28.43,27.59,25.27,22.74
2026-03-21 18:07:38.568297,worker-02,31.26,26.48,25.55,30.92,26.19,20.44
2026-03-21 19:07:38.568297,worker-02,30.29,35.4,23.43,12.16,14.21,18.74
2026-03-21 20:07:38.568298,worker-02,24.53,28.08,22.22,9.11,10.43,17.78
2026-03-21 21:07:38.568298,worker-02,26.75,27.38,22.0,24.11,24.68,17.6
2026-03-21 22:07:38.568299,worker-02,23.1,19.97,22.79,10.83,9.36,18.23
2026-03-21 23:07:38.568300,worker-02,27.61,26.85,24.54,21.36,20.77,19.63
2026-03-22 00:07:38.568300,worker-02,34.07,29.85,27.11,40.31,35.32,21.69
2026-03-22 01:07:38.568301,worker-02,48.81,48.49,30.34,17.4,17.28,24.27
2026-03-22 02:07:38.568301,worker-02,44.32,44.13,34.0,35.49,35.34,27.2
2026-03-22 03:07:38.568302,worker-02,39.96,37.07,37.84,45.73,42.43,30.27
2026-03-22 04:07:38.568302,worker-02,58.25,69.61,41.6,34.06,40.7,33.28
2026-03-22 05:07:38.568303,worker-02,38.7,42.61,45.01,44.72,49.24,36.01
2026-03-22 06:07:38.568303,worker-02,53.43,54.62,47.84,37.75,38.59,38.27
2026-03-22 07:07:38.568304,worker-02,42.03,45.35,49.89,32.98,35.58,39.92
2026-03-22 08:07:38.568304,worker-02,60.03,65.44,51.03,33.22,36.21,40.83
2026-03-22 09:07:38.568305,worker-02,54.33,57.14,51.18,35.18,37.0,40.94
2026-03-22 10:07:38.568305,worker-02,42.39,40.09,50.32,50.67,47.92,40.25
2026-03-22 11:07:38.568306,worker-02,46.7,40.81,48.51,36.78,32.14,38.81
2026-03-22 12:07:38.568306,worker-02,60.08,58.17,45.88,39.98,38.71,36.71
2026-03-22 13:07:38.568307,worker-02,49.44,56.39,42.62,23.87,27.22,34.09
2026-03-22 14:07:38.568308,worker-02,58.73,55.97,38.93,31.02,29.57,31.15
2026-03-22 15:07:38.568308,worker-02,56.91,64.09,35.09,39.56,44.55,28.07
2026-03-22 16:07:38.568309,worker-02,35.02,31.15,31.35,29.0,25.8,25.08
2026-03-22 17:07:38.568309,worker-02,40.21,36.31,27.97,46.48,41.97,22.38
2026-03-22 18:07:38.568310,worker-02,24.09,23.86,25.19,15.39,15.24,20.15
2026-03-22 19:07:38.568310,worker-02,40.74,41.39,23.2,6.06,6.16,18.56
2026-03-22 20:07:38.568311,worker-02,41.31,43.05,22.13,25.24,26.3,17.7
2026-03-22 21:07:38.568311,worker-02,30.65,26.67,22.05,9.09,7.91,17.64
2026-03-22 22:07:38.568312,worker-02,36.47,32.09,22.99,13.87,12.21,18.39
2026-03-22 23:07:38.568312,worker-02,33.18,37.54,24.86,17.27,19.54,19.88
2026-03-23 00:07:38.568313,worker-02,40.48,37.06,27.54,23.21,21.25,22.03
2026-03-23 01:07:38.568314,worker-02,26.41,30.08,30.84,37.32,42.51,24.67
2026-03-23 02:07:38.568314,worker-02,38.06,35.45,34.54,28.19,26.25,27.64
2026-03-23 03:07:38.568315,worker-02,39.29,31.67,38.39,25.45,20.51,30.71
2026-03-23 04:07:38.568315,worker-02,69.52,71.18,42.11,27.39,28.05,33.69
2026-03-23 05:07:38.568316,worker-02,47.64,39.61,45.45,41.24,34.29,36.36
2026-03-23 06:07:38.568316,worker-02,43.64,35.06,48.18,66.28,53.24,38.55
2026-03-23 07:07:38.568317,worker-02,54.59,51.92,50.12,50.83,48.34,40.09
2026-03-23 08:07:38.568317,worker-02,50.69,44.5,51.12,32.65,28.67,40.89
2026-03-23 09:07:38.568318,worker-02,56.9,48.08,51.12,35.91,30.35,40.89
2026-03-23 10:07:38.568319,worker-02,52.1,61.95,50.12,38.31,45.54,40.09
2026-03-23 11:07:38.568319,worker-02,47.87,54.38,48.18,43.1,48.96,38.55
2026-03-23 12:07:38.568320,worker-02,31.76,27.46,45.45,28.04,24.25,36.36
2026-03-23 13:07:38.568320,worker-02,43.49,35.17,42.11,28.33,22.91,33.69
2026-03-23 14:07:38.568321,worker-02,53.68,43.3,38.39,39.45,31.83,30.71
2026-03-23 15:07:38.568321,worker-02,46.29,53.65,34.54,40.11,46.49,27.64
2026-03-23 16:07:38.568322,worker-02,45.34,40.1,30.84,15.59,13.79,24.67
2026-03-23 17:07:38.568322,worker-02,27.68,22.34,27.54,21.84,17.63,22.03
2026-03-23 18:07:38.568323,worker-02,24.94,29.92,24.86,45.6,54.71,19.88
2026-03-23 19:07:38.568323,worker-02,28.4,32.41,22.99,22.28,25.42,18.39
2026-03-23 20:07:38.568324,worker-02,25.54,26.46,22.05,15.82,16.39,17.64
2026-03-23 21:07:38.568324,worker-02,17.01,14.22,22.13,29.88,24.98,17.7
2026-03-23 22:07:38.568325,worker-02,14.57,14.77,23.2,22.07,22.37,18.56
2026-03-23 23:07:38.568326,worker-02,27.25,25.71,25.19,27.52,25.96,20.15
2026-03-24 00:07:38.568326,worker-02,27.23,30.76,27.97,26.51,29.95,22.38
2026-03-24 01:07:38.568327,worker-02,30.07,33.48,31.35,31.73,35.33,25.08
2026-03-24 02:07:38.568327,worker-02,37.55,33.78,35.09,23.03,20.72,28.07
2026-03-24 03:07:38.568328,worker-02,42.85,37.33,38.93,33.95,29.58,31.15
2026-03-24 04:07:38.568328,worker-02,38.88,38.37,42.62,36.17,35.69,34.09
2026-03-24 05:07:38.568329,worker-02,53.4,46.8,45.88,43.4,38.05,36.71
2026-03-24 06:07:38.568329,worker-02,50.52,56.73,48.51,58.16,65.31,38.81
2026-03-24 07:07:38.568330,worker-02,56.9,53.25,50.32,41.95,39.26,40.25
2026-03-24 08:07:38.568330,worker-02,47.85,47.65,51.18,48.76,48.56,40.94
2026-03-24 09:07:38.568331,worker-02,61.87,72.44,51.03,44.02,51.54,40.83
2026-03-24 10:07:38.568332,worker-02,71.93,71.21,49.89,51.23,50.71,39.92
2026-03-24 11:07:38.568332,worker-02,65.35,54.31,47.84,41.54,34.52,38.27
2026-03-24 12:07:38.568333,worker-02,38.01,43.66,45.01,36.39,41.79,36.01
2026-03-24 13:07:38.568333,worker-02,53.02,61.46,41.6,40.08,46.46,33.28
2026-03-24 14:07:38.568334,worker-02,41.63,48.82,37.84,23.93,28.05,30.27
2026-03-24 15:07:38.568334,worker-02,19.79,18.06,34.0,23.92,21.83,27.2
2026-03-24 16:07:38.568335,worker-02,24.03,24.69,30.34,22.18,22.79,24.27
2026-03-24 17:07:38.568335,worker-02,23.61,19.89,27.11,22.22,18.72,21.69
2026-03-24 18:07:38.568336,worker-02,23.08,23.15,24.54,9.12,9.15,19.63
2026-03-24 19:07:38.568336,worker-02,23.34,23.9,22.79,25.53,26.15,18.23
2026-03-24 20:07:38.568337,worker-02,11.53,10.16,22.0,15.64,13.77,17.6
2026-03-24 21:07:38.568337,worker-02,27.87,26.9,22.22,10.49,10.13,17.78
2026-03-24 22:07:38.568338,worker-02,17.38,15.06,23.43,19.48,16.88,18.74
2026-03-24 23:07:38.568339,worker-02,22.17,22.08,25.55,31.72,31.6,20.44
2026-03-25 00:07:38.568339,worker-02,16.95,13.74,28.43,28.8,23.33,22.74
2026-03-25 01:07:38.568340,worker-02,16.25,15.12,31.87,46.93,43.66,25.5
2026-03-25 02:07:38.568340,worker-02,27.32,24.25,35.64,34.59,30.7,28.51
2026-03-25 03:07:38.568341,worker-02,55.42,62.72,39.48,30.07,34.03,31.58
2026-03-25 04:07:38.568341,worker-02,49.38,48.26,43.11,61.43,60.03,34.49
2026-03-25 05:07:38.568342,worker-02,51.57,56.06,46.3,30.97,33.67,37.04
2026-03-25 06:07:38.568342,worker-02,51.7,49.6,48.82,35.73,34.27,39.06
2026-03-25 07:07:38.568343,worker-02,29.51,31.81,50.5,38.34,41.34,40.4
2026-03-25 08:07:38.568344,worker-02,47.63,46.93,51.22,54.67,53.86,40.98
2026-03-25 09:07:38.568344,worker-02,47.31,55.77,50.93,23.29,27.46,40.75
2026-03-25 10:07:38.568345,worker-02,63.11,68.25,49.65,54.3,58.73,39.72
2026-03-25 11:07:38.568345,worker-02,36.82,33.55,47.48,43.99,40.09,37.98
2026-03-25 12:07:38.568346,worker-02,46.06,53.59,44.55,41.32,48.08,35.64
2026-03-25 13:07:38.568346,worker-02,55.56,62.51,41.07,45.89,51.63,32.86
2026-03-25 14:07:38.568347,worker-02,47.29,43.98,37.29,26.55,24.69,29.83
2026-03-25 15:07:38.568347,worker-02,37.88,37.78,33.46,22.25,22.19,26.77
2026-03-25 16:07:38.568348,worker-02,35.79,38.04,29.85,19.18,20.39,23.88
2026-03-25 17:07:38.568348,worker-02,31.61,37.22,26.7,43.87,51.65,21.36
2026-03-25 18:07:38.568349,worker-02,35.18,37.98,24.23,31.89,34.43,19.39
2026-03-25 19:07:38.568349,worker-02,18.95,17.14,22.62,4.19,3.79,18.1
2026-03-25 20:07:38.568350,worker-02,28.24,33.27,21.97,19.09,22.49,17.58
2026-03-25 21:07:38.568350,worker-02,37.54,41.2,22.33,7.24,7.95,17.87
2026-03-25 22:07:38.568351,worker-02,19.33,17.5,23.68,1.23,1.11,18.94
2026-03-25 23:07:38.568352,worker-02,25.98,23.75,25.91,25.84,23.61,20.73
2026-03-26 00:07:38.568352,worker-02,33.78,34.88,28.89,14.47,14.94,23.11
2026-03-26 01:07:38.568353,worker-02,43.09,35.8,32.39,8.38,6.96,25.92
2026-03-26 02:07:38.568353,worker-02,25.81,26.39,36.19,38.83,39.7,28.95
2026-03-26 03:07:38.568354,worker-02,42.94,43.56,40.01,42.48,43.09,32.01
2026-03-26 04:07:38.568354,worker-02,32.76,30.92,43.6,30.09,28.4,34.88
2026-03-26 05:07:38.568355,worker-02,53.08,52.15,46.71,50.37,49.49,37.37
2026-03-26 06:07:38.568355,worker-02,68.1,70.99,49.12,40.59,42.31,39.3
2026-03-26 07:07:38.568356,worker-02,45.45,43.34,50.67,47.6,45.39,40.53
2026-03-26 08:07:38.568356,worker-02,48.24,43.18,51.24,43.11,38.59,40.99
2026-03-26 09:07:38.568357,worker-02,44.21,51.96,50.81,25.56,30.04,40.65
2026-03-26 10:07:38.568358,worker-02,42.33,47.94,49.4,73.72,83.49,39.52
2026-03-26 11:07:38.568358,worker-02,60.31,48.97,47.1,59.9,48.64,37.68
2026-03-26 12:07:38.568359,worker-02,47.14,39.28,44.08,32.92,27.43,35.27
2026-03-26 13:07:38.568359,worker-02,39.35,46.76,40.55,21.9,26.03,32.44
2026-03-26 14:07:38.568360,worker-02,38.33,31.73,36.74,32.99,27.31,29.39
2026-03-26 15:07:38.568360,worker-02,36.16,39.09,32.92,20.21,21.84,26.34
2026-03-26 16:07:38.568361,worker-02,23.8,23.91,29.36,27.12,27.24,23.49
2026-03-26 17:07:38.568361,worker-02,47.69,49.62,26.3,12.15,12.64,21.04
2026-03-26 18:07:38.568362,worker-02,37.29,30.13,23.95,13.89,11.22,19.16
2026-03-26 19:07:38.568362,worker-02,19.07,21.91,22.47,15.58,17.89,17.97
2026-03-26 20:07:38.568363,worker-02,32.42,29.77,21.96,18.62,17.1,17.57
2026-03-19 21:07:38.568266,worker-03,14.07,13.66,21.71,22.2,21.55,17.37
2026-03-19 22:07:38.568272,worker-03,33.44,30.25,22.21,39.25,35.5,17.77
2026-03-19 23:07:38.568273,worker-03,21.19,23.88,23.67,9.54,10.75,18.94
2026-03-20 00:07:38.568274,worker-03,25.51,20.87,26.0,1.06,0.87,20.8
2026-03-20 01:07:38.568275,worker-03,25.22,22.94,29.03,20.11,18.28,23.22
2026-03-20 02:07:38.568275,worker-03,30.42,33.79,32.55,32.38,35.97,26.04
2026-03-20 03:07:38.568276,worker-03,32.89,36.91,36.32,36.65,41.13,29.06
2026-03-20 04:07:38.568276,worker-03,35.67,38.88,40.08,31.2,34.01,32.07
2026-03-20 05:07:38.568277,worker-03,75.93,68.51,43.58,37.45,33.79,34.86
2026-03-20 06:07:38.568278,worker-03,68.74,74.94,46.56,44.64,48.67,37.25
2026-03-20 07:07:38.568278,worker-03,52.2,41.99,48.83,41.0,32.98,39.06
2026-03-20 08:07:38.568279,worker-03,33.48,28.08,50.23,43.78,36.72,40.18
2026-03-20 09:07:38.568279,worker-03,58.92,68.56,50.65,31.49,36.64,40.52
2026-03-20 10:07:38.568280,worker-03,44.4,53.17,50.08,41.89,50.16,40.07
2026-03-20 11:07:38.568280,worker-03,54.25,47.63,48.56,34.19,30.02,38.85
2026-03-20 12:07:38.568281,worker-03,54.19,49.36,46.17,42.18,38.42,36.94
2026-03-20 13:07:38.568281,worker-03,60.7,59.56,43.1,47.12,46.23,34.48
2026-03-20 14:07:38.568282,worker-03,38.4,33.92,39.56,46.29,40.89,31.64
2026-03-20 15:07:38.568282,worker-03,27.78,31.36,35.78,32.51,36.7,28.62
2026-03-20 16:07:38.568283,worker-03,41.87,38.09,32.02,13.77,12.52,25.62
2026-03-20 17:07:38.568283,worker-03,19.28,22.88,28.56,14.1,16.73,22.85
2026-03-20 18:07:38.568284,worker-03,29.44,31.85,25.62,19.35,20.94,20.49
2026-03-20 19:07:38.568284,worker-03,27.04,22.03,23.41,17.3,14.09,18.73
2026-03-20 20:07:38.568285,worker-03,26.64,30.23,22.08,16.4,18.61,17.66
2026-03-20 21:07:38.568285,worker-03,17.29,15.31,21.72,16.76,14.84,17.38
2026-03-20 22:07:38.568286,worker-03,35.0,34.67,22.36,40.04,39.66,17.89
2026-03-20 23:07:38.568287,worker-03,15.7,13.49,23.95,29.0,24.92,19.16
2026-03-21 00:07:38.568287,worker-03,36.39,39.22,26.39,18.0,19.4,21.11
2026-03-21 01:07:38.568288,worker-03,33.32,39.94,29.5,37.69,45.19,23.6
2026-03-21 02:07:38.568288,worker-03,27.93,26.0,33.08,22.79,21.21,26.46
2026-03-21 03:07:38.568289,worker-03,32.02,32.87,36.86,28.46,29.21,29.49
2026-03-21 04:07:38.568289,worker-03,26.24,25.99,40.6,39.21,38.84,32.48
2026-03-21 05:07:38.568290,worker-03,42.59,47.53,44.04,41.68,46.51,35.23
2026-03-21 06:07:38.568290,worker-03,65.65,77.34,46.93,41.88,49.34,37.55
2026-03-21 07:07:38.568291,worker-03,68.45,67.33,49.09,46.43,45.68,39.27
2026-03-21 08:07:38.568291,worker-03,51.51,58.0,50.35,43.46,48.94,40.28
2026-03-21 09:07:38.568292,worker-03,52.98,49.78,50.63,41.87,39.35,40.51
2026-03-21 10:07:38.568293,worker-03,57.96,55.04,49.92,30.4,28.87,39.94
2026-03-21 11:07:38.568293,worker-03,52.09,45.64,48.27,52.49,45.99,38.61
2026-03-21 12:07:38.568294,worker-03,28.74,25.88,45.77,45.44,40.91,36.62
2026-03-21 13:07:38.568294,worker-03,54.89,48.22,42.62,22.59,19.84,34.1
2026-03-21 14:07:38.568295,worker-03,37.64,33.72,39.02,37.86,33.92,31.22
2026-03-21 15:07:38.568295,worker-03,20.14,23.94,35.23,30.25,35.98,28.19
2026-03-21 16:07:38.568296,worker-03,44.08,43.57,31.5,13.2,13.05,25.2
2026-03-21 17:07:38.568296,worker-03,23.22,22.1,28.1,43.57,41.46,22.48
2026-03-21 18:07:38.568297,worker-03,4.6,3.76,25.25,2.99,2.44,20.2
2026-03-21 19:07:38.568297,worker-03,16.82,19.32,23.16,34.28,39.38,18.53
2026-03-21 20:07:38.568298,worker-03,25.98,30.78,21.97,18.11,21.46,17.57
2026-03-21 21:07:38.568298,worker-03,16.18,15.78,21.75,28.14,27.45,17.4
2026-03-21 22:07:38.568299,worker-03,27.84,22.92,22.53,21.2,17.45,18.03
2026-03-21 23:07:38.568300,worker-03,28.74,26.15,24.25,24.06,21.89,19.4
2026-03-22 00:07:38.568300,worker-03,32.09,27.76,26.8,27.81,24.05,21.44
2026-03-22 01:07:38.568301,worker-03,24.57,19.77,29.99,24.99,20.11,23.99
2026-03-22 02:07:38.568301,worker-03,42.08,34.83,33.61,33.14,27.42,26.89
2026-03-22 03:07:38.568302,worker-03,55.28,51.83,37.41,34.23,32.1,29.93
2026-03-22 04:07:38.568302,worker-03,28.36,24.14,41.12,30.63,26.07,32.9
2026-03-22 05:07:38.568303,worker-03,48.26,52.56,44.49,35.29,38.44,35.59
2026-03-22 06:07:38.568303,worker-03,50.67,48.0,47.29,41.17,39.0,37.83
2026-03-22 07:07:38.568304,worker-03,60.31,62.84,49.32,40.24,41.93,39.46
2026-03-22 08:07:38.568304,worker-03,40.33,35.87,50.45,45.07,40.08,40.36
2026-03-22 09:07:38.568305,worker-03,51.18,57.27,50.59,39.5,44.19,40.47
2026-03-22 10:07:38.568305,worker-03,46.72,44.64,49.74,51.59,49.29,39.79
2026-03-22 11:07:38.568306,worker-03,45.93,40.59,47.96,55.73,49.25,38.37
2026-03-22 12:07:38.568306,worker-03,58.14,54.98,45.36,10.29,9.73,36.29
2026-03-22 13:07:38.568307,worker-03,40.85,46.53,42.13,36.13,41.17,33.7
2026-03-22 14:07:38.568308,worker-03,26.48,28.27,38.49,23.55,25.14,30.79
2026-03-22 15:07:38.568308,worker-03,35.98,29.07,34.69,14.14,11.42,27.75
2026-03-22 16:07:38.568309,worker-03,51.24,59.96,30.99,6.48,7.58,24.79
2026-03-22 17:07:38.568309,worker-03,23.67,28.13,27.65,30.15,35.82,22.12
2026-03-22 18:07:38.568310,worker-03,25.34,23.56,24.9,3.69,3.43,19.92
2026-03-22 19:07:38.568310,worker-03,24.39,25.37,22.93,0.0,0.0,18.35
2026-03-22 20:07:38.568311,worker-03,33.11,37.11,21.87,18.07,20.25,17.5
2026-03-22 21:07:38.568311,worker-03,26.47,21.8,21.8,20.74,17.09,17.44
2026-03-22 22:07:38.568312,worker-03,19.23,16.82,22.72,35.29,30.87,18.18
2026-03-22 23:07:38.568312,worker-03,30.86,37.0,24.57,25.76,30.88,19.66
2026-03-23 00:07:38.568313,worker-03,27.88,32.28,27.22,32.2,37.27,21.78
2026-03-23 01:07:38.568314,worker-03,48.05,48.39,30.49,14.6,14.71,24.39
2026-03-23 02:07:38.568314,worker-03,22.02,18.56,34.15,13.79,11.62,27.32
2026-03-23 03:07:38.568315,worker-03,30.05,25.92,37.95,27.07,23.35,30.36
2026-03-23 04:07:38.568315,worker-03,48.3,52.09,41.63,34.43,37.13,33.3
2026-03-23 05:07:38.568316,worker-03,29.6,31.47,44.93,27.08,28.79,35.95
2026-03-23 06:07:38.568316,worker-03,53.03,49.43,47.63,37.05,34.54,38.11
2026-03-23 07:07:38.568317,worker-03,45.83,46.12,49.54,51.73,52.06,39.63
2026-03-23 08:07:38.568317,worker-03,54.0,46.41,50.53,44.54,38.27,40.43
2026-03-23 09:07:38.568318,worker-03,57.98,49.58,50.53,40.81,34.91,40.43
2026-03-23 10:07:38.568319,worker-03,49.93,57.44,49.54,46.7,53.72,39.63
2026-03-23 11:07:38.568319,worker-03,56.44,52.26,47.63,27.56,25.52,38.11
2026-03-23 12:07:38.568320,worker-03,50.41,47.95,44.93,40.74,38.75,35.95
2026-03-23 13:07:38.568320,worker-03,45.03,52.09,41.63,40.17,46.47,33.3
2026-03-23 14:07:38.568321,worker-03,33.97,30.43,37.95,28.1,25.18,30.36
2026-03-23 15:07:38.568321,worker-03,36.16,30.04,34.15,22.11,18.37,27.32
2026-03-23 16:07:38.568322,worker-03,28.04,25.7,30.49,20.88,19.14,24.39
2026-03-23 17:07:38.568322,worker-03,47.14,43.62,27.22,21.51,19.9,21.78
2026-03-23 18:07:38.568323,worker-03,27.63,25.14,24.57,0.0,0.0,19.66
2026-03-23 19:07:38.568323,worker-03,20.89,20.4,22.72,23.21,22.66,18.18
2026-03-23 20:07:38.568324,worker-03,25.98,22.35,21.8,14.05,12.08,17.44
2026-03-23 21:07:38.568324,worker-03,40.34,47.65,21.87,14.17,16.74,17.5
2026-03-23 22:07:38.568325,worker-03,16.75,14.79,22.93,11.92,10.52,18.35
2026-03-23 23:07:38.568326,worker-03,40.13,42.33,24.9,18.08,19.07,19.92
2026-03-24 00:07:38.568326,worker-03,54.76,47.54,27.65,30.56,26.53,22.12
2026-03-24 01:07:38.568327,worker-03,27.06,29.08,30.99,24.37,26.19,24.79
2026-03-24 02:07:38.568327,worker-03,35.03,34.88,34.69,28.55,28.43,27.75
2026-03-24 03:07:38.568328,worker-03,47.18,54.03,38.49,57.06,65.35,30.79
2026-03-24 04:07:38.568328,worker-03,42.04,47.85,42.13,22.66,25.8,33.7
2026-03-24 05:07:38.568329,worker-03,66.19,60.35,45.36,32.85,29.96,36.29
2026-03-24 06:07:38.568329,worker-03,53.29,60.05,47.96,41.84,47.15,38.37
2026-03-24 07:07:38.568330,worker-03,40.37,41.54,49.74,49.18,50.61,39.79
2026-03-24 08:07:38.568330,worker-03,48.06,56.3,50.59,51.6,60.46,40.47
2026-03-24 09:07:38.568331,worker-03,46.8,53.82,50.45,43.84,50.42,40.36
2026-03-24 10:07:38.568332,worker-03,61.77,54.11,49.32,38.83,34.02,39.46
2026-03-24 11:07:38.568332,worker-03,57.23,68.34,47.29,44.65,53.31,37.83
2026-03-24 12:07:38.568333,worker-03,68.25,78.95,44.49,40.71,47.09,35.59
2026-03-24 13:07:38.568333,worker-03,60.62,67.17,41.12,48.34,53.57,32.9
2026-03-24 14:07:38.568334,worker-03,35.4,40.3,37.41,15.56,17.71,29.93
2026-03-24 15:07:38.568334,worker-03,22.06,20.11,33.61,25.3,23.06,26.89
2026-03-24 16:07:38.568335,worker-03,24.67,27.36,29.99,49.21,54.58,23.99
2026-03-24 17:07:38.568335,worker-03,24.82,27.97,26.8,25.77,29.04,21.44
2026-03-24 18:07:38.568336,worker-03,38.8,37.58,24.25,18.19,17.62,19.4
2026-03-24 19:07:38.568336,worker-03,21.97,17.88,22.53,19.09,15.53,18.03
2026-03-24 20:07:38.568337,worker-03,20.24,17.47,21.75,32.75,28.27,17.4
2026-03-24 21:07:38.568337,worker-03,30.15,25.05,21.97,43.63,36.25,17.57
2026-03-24 22:07:38.568338,worker-03,24.88,26.65,23.16,17.23,18.46,18.53
2026-03-24 23:07:38.568339,worker-03,19.03,18.84,25.25,45.05,44.61,20.2
2026-03-25 00:07:38.568339,worker-03,23.69,23.36,28.1,39.97,39.4,22.48
2026-03-25 01:07:38.568340,worker-03,36.91,32.61,31.5,24.16,21.35,25.2
2026-03-25 02:07:38.568340,worker-03,27.23,28.93,35.23,25.42,27.01,28.19
2026-03-25 03:07:38.568341,worker-03,42.68,39.52,39.02,46.44,43.0,31.22
2026-03-25 04:07:38.568341,worker-03,60.82,62.21,42.62,43.26,44.25,34.1
2026-03-25 05:07:38.568342,worker-03,42.83,36.39,45.77,48.46,41.16,36.62
2026-03-25 06:07:38.568342,worker-03,59.42,67.36,48.27,54.57,61.86,38.61
2026-03-25 07:07:38.568343,worker-03,45.75,46.0,49.92,61.28,61.6,39.94
2026-03-25 08:07:38.568344,worker-03,44.91,39.26,50.63,38.98,34.08,40.51
2026-03-25 09:07:38.568344,worker-03,36.31,29.52,50.35,45.77,37.21,40.28
2026-03-25 10:07:38.568345,worker-03,48.51,44.8,49.09,40.76,37.65,39.27
2026-03-25 11:07:38.568345,worker-03,47.8,52.57,46.93,23.97,26.36,37.55
2026-03-25 12:07:38.568346,worker-03,47.08,39.83,44.04,31.62,26.75,35.23
2026-03-25 13:07:38.568346,worker-03,38.38,37.49,40.6,43.51,42.5,32.48
2026-03-25 14:07:38.568347,worker-03,41.75,38.18,36.86,29.08,26.59,29.49
2026-03-25 15:07:38.568347,worker-03,30.72,28.37,33.08,36.98,34.16,26.46
2026-03-25 16:07:38.568348,worker-03,13.31,15.89,29.5,8.37,9.99,23.6
2026-03-25 17:07:38.568348,worker-03,22.67,20.08,26.39,29.17,25.84,21.11
2026-03-25 18:07:38.568349,worker-03,30.37,31.17,23.95,32.87,33.74,19.16
2026-03-25 19:07:38.568349,worker-03,50.29,45.73,22.36,29.71,27.01,17.89
2026-03-25 20:07:38.568350,worker-03,3.96,3.38,21.72,0.0,0.0,17.38
2026-03-25 21:07:38.568350,worker-03,44.99,44.08,22.08,28.07,27.51,17.66
2026-03-25 22:07:38.568351,worker-03,32.06,33.73,23.41,33.16,34.89,18.73
2026-03-25 23:07:38.568352,worker-03,32.91,33.48,25.62,29.35,29.86,20.49
2026-03-26 00:07:38.568352,worker-03,31.31,36.07,28.56,63.69,73.37,22.85
2026-03-26 01:07:38.568353,worker-03,49.63,40.59,32.02,32.45,26.53,25.62
2026-03-26 02:07:38.568353,worker-03,39.88,47.65,35.78,48.61,58.1,28.62
2026-03-26 03:07:38.568354,worker-03,23.37,23.47,39.56,34.36,34.5,31.64
2026-03-26 04:07:38.568354,worker-03,51.43,56.08,43.1,50.4,54.96,34.48
2026-03-26 05:07:38.568355,worker-03,39.75,36.34,46.17,11.57,10.58,36.94
2026-03-26 06:07:38.568355,worker-03,49.67,46.28,48.56,38.02,35.43,38.85
2026-03-26 07:07:38.568356,worker-03,57.1,57.16,50.08,41.85,41.89,40.07
2026-03-26 08:07:38.568356,worker-03,52.21,45.37,50.65,45.64,39.66,40.52
2026-03-26 09:07:38.568357,worker-03,49.75,53.16,50.23,35.12,37.53,40.18
2026-03-26 10:07:38.568358,worker-03,46.38,42.61,48.83,51.88,47.66,39.06
2026-03-26 11:07:38.568358,worker-03,49.89,51.3,46.56,23.99,24.67,37.25
2026-03-26 12:07:38.568359,worker-03,54.47,61.27,43.58,34.01,38.26,34.86
2026-03-26 13:07:38.568359,worker-03,31.44,32.36,40.08,32.72,33.67,32.07
2026-03-26 14:07:38.568360,worker-03,39.45,45.98,36.32,38.25,44.57,29.06
2026-03-26 15:07:38.568360,worker-03,35.73,42.46,32.55,34.42,40.9,26.04
2026-03-26 16:07:38.568361,worker-03,37.8,45.25,29.03,41.74,49.96,23.22
2026-03-26 17:07:38.568361,worker-03,35.71,41.69,26.0,17.06,19.92,20.8
2026-03-26 18:07:38.568362,worker-03,18.87,16.94,23.67,37.19,33.38,18.94
2026-03-26 19:07:38.568362,worker-03,12.93,10.76,22.21,26.59,22.14,17.77
2026-03-26 20:07:38.568363,worker-03,23.48,24.06,21.71,8.98,9.21,17.37
2026-03-19 21:07:38.568266,worker-04,45.27,43.96,31.32,47.39,46.01,25.05
2026-03-19 22:07:38.568272,worker-04,40.45,44.46,32.04,32.45,35.66,25.63
2026-03-19 23:07:38.568273,worker-04,43.67,45.83,34.15,19.17,20.12,27.32
2026-03-20 00:07:38.568274,worker-04,48.94,52.69,37.5,30.4,32.74,30.0
2026-03-20 01:07:38.568275,worker-04,52.48,46.02,41.87,40.56,35.57,33.5
2026-03-20 02:07:38.568275,worker-04,42.54,42.92,46.95,50.87,51.32,37.56
2026-03-20 03:07:38.568276,worker-04,51.57,54.29,52.39,67.87,71.45,41.91
2026-03-20 04:07:38.568276,worker-04,72.87,79.41,57.82,57.38,62.53,46.26
2026-03-20 05:07:38.568277,worker-04,53.39,60.48,62.86,55.2,62.54,50.29
2026-03-20 06:07:38.568278,worker-04,98.95,100.0,67.17,52.12,59.27,53.73
2026-03-20 07:07:38.568278,worker-04,82.92,83.14,70.44,64.17,64.33,56.35
2026-03-20 08:07:38.568279,worker-04,76.27,86.78,72.45,84.63,96.3,57.96
2026-03-20 09:07:38.568279,worker-04,90.78,100.0,73.07,48.62,58.31,58.46
2026-03-20 10:07:38.568280,worker-04,69.24,57.37,72.25,53.84,44.61,57.8
2026-03-20 11:07:38.568280,worker-04,87.87,85.86,70.05,53.84,52.61,56.04
2026-03-20 12:07:38.568281,worker-04,50.22,47.87,66.61,43.67,41.63,53.29
2026-03-20 13:07:38.568281,worker-04,58.86,56.77,62.18,64.24,61.95,49.74
2026-03-20 14:07:38.568282,worker-04,57.76,64.6,57.06,60.49,67.65,45.65
2026-03-20 15:07:38.568282,worker-04,54.98,44.23,51.61,65.95,53.06,41.29
2026-03-20 16:07:38.568283,worker-04,58.88,66.31,46.2,40.26,45.34,36.96
2026-03-20 17:07:38.568283,worker-04,49.17,57.07,41.2,39.38,45.71,32.96
2026-03-20 18:07:38.568284,worker-04,49.11,46.64,36.96,26.17,24.85,29.56
2026-03-20 19:07:38.568284,worker-04,29.22,25.11,33.77,32.75,28.14,27.01
2026-03-20 20:07:38.568285,worker-04,37.92,37.77,31.85,34.08,33.94,25.48
2026-03-20 21:07:38.568285,worker-04,43.44,47.63,31.33,30.49,33.43,25.07
2026-03-20 22:07:38.568286,worker-04,42.74,36.14,32.26,21.26,17.98,25.81
2026-03-20 23:07:38.568287,worker-04,28.86,25.33,34.56,28.17,24.73,27.64
2026-03-21 00:07:38.568287,worker-04,39.4,46.97,38.07,34.87,41.57,30.46
2026-03-21 01:07:38.568288,worker-04,29.12,23.5,42.56,46.39,37.44,34.05
2026-03-21 02:07:38.568288,worker-04,47.6,54.35,47.72,45.55,52.01,38.17
2026-03-21 03:07:38.568289,worker-04,45.39,53.51,53.18,54.77,64.57,42.54
2026-03-21 04:07:38.568289,worker-04,57.88,49.33,58.57,54.21,46.2,46.86
2026-03-21 05:07:38.568290,worker-04,73.04,87.31,63.53,45.78,54.73,50.82
2026-03-21 06:07:38.568290,worker-04,100.0,85.01,67.7,57.05,48.49,54.16
2026-03-21 07:07:38.568291,worker-04,69.48,70.45,70.81,58.88,59.69,56.65
2026-03-21 08:07:38.568291,worker-04,92.27,100.0,72.63,48.67,57.57,58.1
2026-03-21 09:07:38.568292,worker-04,84.09,91.22,73.04,71.91,78.01,58.43
2026-03-21 10:07:38.568293,worker-04,67.6,61.56,72.02,61.92,56.4,57.61
2026-03-21 11:07:38.568293,worker-04,79.73,89.61,69.63,57.34,64.45,55.7
2026-03-21 12:07:38.568294,worker-04,67.93,71.42,66.03,50.32,52.91,52.82
2026-03-21 13:07:38.568294,worker-04,52.54,62.02,61.48,54.5,64.33,49.19
2026-03-21 14:07:38.568295,worker-04,42.24,47.68,56.29,35.94,40.57,45.04
2026-03-21 15:07:38.568295,worker-04,52.74,49.99,50.82,51.91,49.2,40.66
2026-03-21 16:07:38.568296,worker-04,54.3,64.0,45.45,46.27,54.54,36.36
2026-03-21 17:07:38.568296,worker-04,16.65,19.74,40.54,37.11,43.99,32.43
2026-03-21 18:07:38.568297,worker-04,51.03,52.69,36.43,15.15,15.64,29.14
2026-03-21 19:07:38.568297,worker-04,42.4,48.46,33.41,24.98,28.54,26.73
2026-03-21 20:07:38.568298,worker-04,42.24,41.67,31.69,35.14,34.66,25.35
2026-03-21 21:07:38.568298,worker-04,42.95,38.94,31.38,34.25,31.05,25.1
2026-03-21 22:07:38.568299,worker-04,39.16,44.44,32.5,30.4,34.5,26.0
2026-03-21 23:07:38.568300,worker-04,62.2,70.49,34.99,44.26,50.16,27.99
2026-03-22 00:07:38.568300,worker-04,34.32,30.07,38.66,35.72,31.29,30.93
2026-03-22 01:07:38.568301,worker-04,55.76,45.49,43.26,35.07,28.61,34.61
2026-03-22 02:07:38.568301,worker-04,48.23,40.57,48.49,21.58,18.16,38.79
2026-03-22 03:07:38.568302,worker-04,59.67,48.29,53.96,37.78,30.58,43.17
2026-03-22 04:07:38.568302,worker-04,78.87,79.88,59.32,51.81,52.47,47.45
2026-03-22 05:07:38.568303,worker-04,54.94,60.48,64.18,56.44,62.13,51.35
2026-03-22 06:07:38.568303,worker-04,77.6,64.28,68.22,54.2,44.9,54.58
2026-03-22 07:07:38.568304,worker-04,89.54,72.89,71.15,56.72,46.17,56.92
2026-03-22 08:07:38.568304,worker-04,68.16,70.43,72.78,71.37,73.75,58.22
2026-03-22 09:07:38.568305,worker-04,77.56,93.02,72.98,56.48,67.74,58.39
2026-03-22 10:07:38.568305,worker-04,67.86,61.75,71.76,55.83,50.81,57.41
2026-03-22 11:07:38.568306,worker-04,66.56,53.27,69.18,66.92,53.56,55.34
2026-03-22 12:07:38.568306,worker-04,55.36,63.03,65.43,72.42,82.47,52.35
2026-03-22 13:07:38.568307,worker-04,56.43,51.03,60.77,67.25,60.81,48.62
2026-03-22 14:07:38.568308,worker-04,76.82,65.22,55.52,51.2,43.47,44.42
2026-03-22 15:07:38.568308,worker-04,50.13,60.15,50.04,48.86,58.63,40.03
2026-03-22 16:07:38.568309,worker-04,47.55,46.23,44.71,24.14,23.47,35.77
2026-03-22 17:07:38.568309,worker-04,38.11,30.98,39.89,36.98,30.06,31.91
2026-03-22 18:07:38.568310,worker-04,41.51,34.19,35.93,40.54,33.39,28.74
2026-03-22 19:07:38.568310,worker-04,40.35,35.9,33.08,46.68,41.52,26.46
2026-03-22 20:07:38.568311,worker-04,41.81,34.31,31.55,20.62,16.92,25.24
2026-03-22 21:07:38.568311,worker-04,42.52,41.18,31.45,19.35,18.74,25.16
2026-03-22 22:07:38.568312,worker-04,31.81,32.67,32.78,24.07,24.73,26.22
2026-03-22 23:07:38.568312,worker-04,20.34,16.84,35.45,18.81,15.57,28.36
2026-03-23 00:07:38.568313,worker-04,45.92,51.45,39.27,17.47,19.57,31.41
2026-03-23 01:07:38.568314,worker-04,52.26,44.5,43.98,9.64,8.21,35.18
2026-03-23 02:07:38.568314,worker-04,58.23,55.31,49.26,59.15,56.18,39.41
2026-03-23 03:07:38.568315,worker-04,58.65,57.77,54.74,36.14,35.6,43.8
2026-03-23 04:07:38.568315,worker-04,58.23,49.87,60.05,33.06,28.32,48.04
2026-03-23 05:07:38.568316,worker-04,78.44,77.69,64.82,77.36,76.62,51.85
2026-03-23 06:07:38.568316,worker-04,75.71,70.23,68.71,73.04,67.75,54.97
2026-03-23 07:07:38.568317,worker-04,73.06,66.28,71.47,45.85,41.59,57.17
2026-03-23 08:07:38.568317,worker-04,78.55,63.23,72.9,80.01,64.4,58.32
2026-03-23 09:07:38.568318,worker-04,87.28,79.77,72.9,68.11,62.24,58.32
2026-03-23 10:07:38.568319,worker-04,84.34,92.62,71.47,86.63,95.13,57.17
2026-03-23 11:07:38.568319,worker-04,78.85,86.85,68.71,46.08,50.76,54.97
2026-03-23 12:07:38.568320,worker-04,64.9,55.19,64.82,63.31,53.84,51.85
2026-03-23 13:07:38.568320,worker-04,59.96,61.69,60.05,38.29,39.39,48.04
2026-03-23 14:07:38.568321,worker-04,49.17,42.32,54.74,36.87,31.74,43.8
2026-03-23 15:07:38.568321,worker-04,43.66,37.78,49.26,35.38,30.61,39.41
2026-03-23 16:07:38.568322,worker-04,46.5,39.28,43.98,35.24,29.76,35.18
2026-03-23 17:07:38.568322,worker-04,40.97,44.63,39.27,23.44,25.53,31.41
2026-03-23 18:07:38.568323,worker-04,42.01,42.81,35.45,34.21,34.86,28.36
2026-03-23 19:07:38.568323,worker-04,15.37,12.92,32.78,34.22,28.75,26.22
2026-03-23 20:07:38.568324,worker-04,34.61,35.46,31.45,26.32,26.97,25.16
2026-03-23 21:07:38.568324,worker-04,24.86,27.58,31.55,28.09,31.17,25.24
2026-03-23 22:07:38.568325,worker-04,38.01,42.34,33.08,41.65,46.4,26.46
2026-03-23 23:07:38.568326,worker-04,35.97,34.64,35.93,26.8,25.81,28.74
2026-03-24 00:07:38.568326,worker-04,35.6,34.8,39.89,36.6,35.79,31.91
2026-03-24 01:07:38.568327,worker-04,61.23,61.93,44.71,45.27,45.79,35.77
2026-03-24 02:07:38.568327,worker-04,44.84,51.2,50.04,42.18,48.16,40.03
2026-03-24 03:07:38.568328,worker-04,55.39,47.05,55.52,34.66,29.44,44.42
2026-03-24 04:07:38.568328,worker-04,76.53,80.98,60.77,67.55,71.48,48.62
2026-03-24 05:07:38.568329,worker-04,67.81,74.72,65.43,51.02,56.22,52.35
2026-03-24 06:07:38.568329,worker-04,72.96,74.51,69.18,67.76,69.2,55.34
2026-03-24 07:07:38.568330,worker-04,85.29,79.94,71.76,63.19,59.22,57.41
2026-03-24 08:07:38.568330,worker-04,59.85,57.12,72.98,67.54,64.46,58.39
2026-03-24 09:07:38.568331,worker-04,69.51,56.81,72.78,50.93,41.63,58.22
2026-03-24 10:07:38.568332,worker-04,83.57,69.9,71.15,49.12,41.09,56.92
2026-03-24 11:07:38.568332,worker-04,85.14,70.52,68.22,76.39,63.28,54.58
2026-03-24 12:07:38.568333,worker-04,78.96,79.3,64.18,60.09,60.34,51.35
2026-03-24 13:07:38.568333,worker-04,84.78,86.74,59.32,67.56,69.11,47.45
2026-03-24 14:07:38.568334,worker-04,57.16,66.29,53.96,46.69,54.15,43.17
2026-03-24 15:07:38.568334,worker-04,50.03,41.3,48.49,45.73,37.75,38.79
2026-03-24 16:07:38.568335,worker-04,45.09,42.76,43.26,47.46,45.01,34.61
2026-03-24 17:07:38.568335,worker-04,42.91,41.5,38.66,18.91,18.29,30.93
2026-03-24 18:07:38.568336,worker-04,37.22,36.75,34.99,18.74,18.51,27.99
2026-03-24 19:07:38.568336,worker-04,35.8,32.72,32.5,19.13,17.49,26.0
2026-03-24 20:07:38.568337,worker-04,42.77,45.83,31.38,23.48,25.16,25.1
2026-03-24 21:07:38.568337,worker-04,29.13,26.09,31.69,30.27,27.12,25.35
2026-03-24 22:07:38.568338,worker-04,28.02,29.98,33.41,0.0,0.0,26.73
2026-03-24 23:07:38.568339,worker-04,41.06,41.53,36.43,23.39,23.66,29.14
2026-03-25 00:07:38.568339,worker-04,56.97,48.33,40.54,48.73,41.34,32.43
2026-03-25 01:07:38.568340,worker-04,37.86,43.71,45.45,28.0,32.33,36.36
2026-03-25 02:07:38.568340,worker-04,66.77,74.83,50.82,45.84,51.37,40.66
2026-03-25 03:07:38.568341,worker-04,64.32,65.52,56.29,53.6,54.6,45.04
2026-03-25 04:07:38.568341,worker-04,52.05,62.3,61.48,54.76,65.54,49.19
2026-03-25 05:07:38.568342,worker-04,65.18,55.2,66.03,35.43,30.01,52.82
2026-03-25 06:07:38.568342,worker-04,55.88,44.74,69.63,58.43,46.78,55.7
2026-03-25 07:07:38.568343,worker-04,84.85,83.77,72.02,58.63,57.88,57.61
2026-03-25 08:07:38.568344,worker-04,83.46,84.79,73.04,69.02,70.12,58.43
2026-03-25 09:07:38.568344,worker-04,72.38,60.41,72.63,66.32,55.35,58.1
2026-03-25 10:07:38.568345,worker-04,72.98,73.51,70.81,74.15,74.68,56.65
2026-03-25 11:07:38.568345,worker-04,65.19,56.28,67.7,46.83,40.44,54.16
2026-03-25 12:07:38.568346,worker-04,72.61,87.1,63.53,56.01,67.19,50.82
2026-03-25 13:07:38.568346,worker-04,57.72,48.34,58.57,73.48,61.55,46.86
2026-03-25 14:07:38.568347,worker-04,48.33,55.13,53.18,38.26,43.65,42.54
2026-03-25 15:07:38.568347,worker-04,60.53,52.31,47.72,42.62,36.83,38.17
2026-03-25 16:07:38.568348,worker-04,42.39,43.06,42.56,36.31,36.89,34.05
2026-03-25 17:07:38.568348,worker-04,31.07,30.02,38.07,27.15,26.23,30.46
2026-03-25 18:07:38.568349,worker-04,27.89,31.6,34.56,26.73,30.28,27.64
2026-03-25 19:07:38.568349,worker-04,52.29,42.0,32.26,11.07,8.89,25.81
2026-03-25 20:07:38.568350,worker-04,37.22,44.04,31.33,35.3,41.76,25.07
2026-03-25 21:07:38.568350,worker-04,48.22,57.78,31.85,22.07,26.44,25.48
2026-03-25 22:07:38.568351,worker-04,35.58,38.68,33.77,26.92,29.26,27.01
2026-03-25 23:07:38.568352,worker-04,37.27,32.71,36.96,18.2,15.98,29.56
2026-03-26 00:07:38.568352,worker-04,43.83,47.67,41.2,39.77,43.26,32.96
2026-03-26 01:07:38.568353,worker-04,40.31,47.46,46.2,20.49,24.13,36.96
2026-03-26 02:07:38.568353,worker-04,39.21,44.3,51.61,42.09,47.55,41.29
2026-03-26 03:07:38.568354,worker-04,63.12,69.76,57.06,44.25,48.9,45.65
2026-03-26 04:07:38.568354,worker-04,66.33,67.96,62.18,55.9,57.27,49.74
2026-03-26 05:07:38.568355,worker-04,69.72,59.6,66.61,66.9,57.19,53.29
2026-03-26 06:07:38.568355,worker-04,68.38,75.28,70.05,59.56,65.58,56.04
2026-03-26 07:07:38.568356,worker-04,69.9,66.81,72.25,55.4,52.95,57.8
2026-03-26 08:07:38.568356,worker-04,67.57,77.25,73.07,59.33,67.84,58.46
2026-03-26 09:07:38.568357,worker-04,72.69,59.52,72.45,69.58,56.97,57.96
2026-03-26 10:07:38.568358,worker-04,88.0,96.59,70.44,77.65,85.23,56.35
2026-03-26 11:07:38.568358,worker-04,53.32,58.24,67.17,64.45,70.4,53.73
2026-03-26 12:07:38.568359,worker-04,65.91,70.94,62.86,69.09,74.36,50.29
2026-03-26 13:07:38.568359,worker-04,45.6,48.28,57.82,41.95,44.42,46.26
2026-03-26 14:07:38.568360,worker-04,58.33,51.15,52.39,42.68,37.43,41.91
2026-03-26 15:07:38.568360,worker-04,55.15,46.78,46.95,37.71,31.98,37.56
2026-03-26 16:07:38.568361,worker-04,44.32,37.24,41.87,49.33,41.45,33.5
2026-03-26 17:07:38.568361,worker-04,40.46,47.0,37.5,29.99,34.84,30.0
2026-03-26 18:07:38.568362,worker-04,33.61,33.72,34.15,33.92,34.03,27.32
2026-03-26 19:07:38.568362,worker-04,21.63,25.07,32.04,27.66,32.06,25.63
2026-03-26 20:07:38.568363,worker-04,42.13,36.58,31.32,23.76,20.63,25.05
2026-03-19 21:07:38.568266,worker-05,40.2,36.35,28.49,30.53,27.6,22.79
2026-03-19 22:07:38.568272,worker-05,29.27,26.66,29.15,35.14,32.0,23.32
2026-03-19 23:07:38.568273,worker-05,37.93,39.41,31.07,37.45,38.92,24.85
2026-03-20 00:07:38.568274,worker-05,45.05,38.87,34.12,21.67,18.7,27.29
2026-03-20 01:07:38.568275,worker-05,37.73,35.24,38.09,28.13,26.27,30.47
2026-03-20 02:07:38.568275,worker-05,42.26,47.39,42.71,32.84,36.82,34.17
2026-03-20 03:07:38.568276,worker-05,44.5,36.31,47.66,37.46,30.57,38.13
2026-03-20 04:07:38.568276,worker-05,47.83,55.21,52.6,47.51,54.84,42.08
2026-03-20 05:07:38.568277,worker-05,56.75,48.37,57.19,30.38,25.89,45.75
2026-03-20 06:07:38.568278,worker-05,45.29,40.77,61.1,71.22,64.1,48.88
2026-03-20 07:07:38.568278,worker-05,58.19,54.16,64.08,23.59,21.96,51.27
2026-03-20 08:07:38.568279,worker-05,73.38,60.26,65.91,62.05,50.95,52.73
2026-03-20 09:07:38.568279,worker-05,79.02,90.22,66.48,52.93,60.43,53.18
2026-03-20 10:07:38.568280,worker-05,61.92,56.52,65.73,62.01,56.61,52.58
2026-03-20 11:07:38.568280,worker-05,67.9,58.67,63.72,54.34,46.95,50.98
2026-03-20 12:07:38.568281,worker-05,59.87,50.24,60.6,54.16,45.46,48.48
2026-03-20 13:07:38.568281,worker-05,62.11,69.37,56.57,49.26,55.01,45.25
2026-03-20 14:07:38.568282,worker-05,65.56,74.54,51.91,58.93,67.01,41.53
2026-03-20 15:07:38.568282,worker-05,46.66,40.71,46.95,30.72,26.8,37.56
2026-03-20 16:07:38.568283,worker-05,40.22,47.77,42.03,64.78,76.94,33.62
2026-03-20 17:07:38.568283,worker-05,51.93,58.29,37.48,22.15,24.86,29.98
2026-03-20 18:07:38.568284,worker-05,29.96,25.38,33.62,27.02,22.88,26.9
2026-03-20 19:07:38.568284,worker-05,39.56,34.0,30.72,13.92,11.96,24.57
2026-03-20 20:07:38.568285,worker-05,38.3,36.35,28.97,13.17,12.5,23.18
2026-03-20 21:07:38.568285,worker-05,35.86,31.11,28.5,20.82,18.06,22.8
2026-03-20 22:07:38.568286,worker-05,10.98,11.51,29.35,22.99,24.09,23.48
2026-03-20 23:07:38.568287,worker-05,25.39,28.65,31.44,19.52,22.03,25.15
2026-03-21 00:07:38.568287,worker-05,29.05,27.44,34.63,40.17,37.95,27.71
2026-03-21 01:07:38.568288,worker-05,46.95,55.32,38.72,10.81,12.73,30.98
2026-03-21 02:07:38.568288,worker-05,50.54,55.23,43.41,31.53,34.45,34.73
2026-03-21 03:07:38.568289,worker-05,34.1,29.31,48.38,43.49,37.38,38.7
2026-03-21 04:07:38.568289,worker-05,58.21,53.67,53.29,64.01,59.01,42.63
2026-03-21 05:07:38.568290,worker-05,61.67,52.25,57.8,50.41,42.71,46.24
2026-03-21 06:07:38.568290,worker-05,51.29,56.81,61.59,53.55,59.31,49.27
2026-03-21 07:07:38.568291,worker-05,68.77,64.41,64.42,57.84,54.17,51.53
2026-03-21 08:07:38.568291,worker-05,82.74,74.18,66.07,71.23,63.86,52.86
2026-03-21 09:07:38.568292,worker-05,62.03,67.97,66.45,41.59,45.57,53.16
2026-03-21 10:07:38.568293,worker-05,65.28,61.82,65.52,52.09,49.34,52.41
2026-03-21 11:07:38.568293,worker-05,85.59,79.92,63.34,45.95,42.91,50.67
2026-03-21 12:07:38.568294,worker-05,63.71,63.23,60.07,38.32,38.03,48.06
2026-03-21 13:07:38.568294,worker-05,50.19,41.48,55.93,36.58,30.23,44.75
2026-03-21 14:07:38.568295,worker-05,63.39,52.14,51.21,48.55,39.93,40.97
2026-03-21 15:07:38.568295,worker-05,49.0,42.43,46.24,39.87,34.52,36.99
2026-03-21 16:07:38.568296,worker-05,46.79,38.21,41.34,28.65,23.4,33.08
2026-03-21 17:07:38.568296,worker-05,46.61,43.74,36.88,31.91,29.95,29.5
2026-03-21 18:07:38.568297,worker-05,27.38,29.67,33.14,44.0,47.67,26.51
2026-03-21 19:07:38.568297,worker-05,35.62,33.66,30.39,39.63,37.45,24.32
2026-03-21 20:07:38.568298,worker-05,37.71,33.83,28.83,10.84,9.72,23.06
2026-03-21 21:07:38.568298,worker-05,22.75,25.24,28.55,15.39,17.08,22.84
2026-03-21 22:07:38.568299,worker-05,34.0,34.91,29.57,30.36,31.18,23.66
2026-03-21 23:07:38.568300,worker-05,37.81,41.74,31.83,47.81,52.78,25.46
2026-03-22 00:07:38.568300,worker-05,36.33,32.85,35.17,32.51,29.39,28.14
2026-03-22 01:07:38.568301,worker-05,48.18,48.63,39.36,34.86,35.18,31.49
2026-03-22 02:07:38.568301,worker-05,44.42,38.57,44.11,28.14,24.44,35.29
2026-03-22 03:07:38.568302,worker-05,70.38,73.39,49.09,48.42,50.49,39.27
2026-03-22 04:07:38.568302,worker-05,50.78,60.39,53.96,47.65,56.67,43.17
2026-03-22 05:07:38.568303,worker-05,59.77,70.12,58.39,39.23,46.02,46.71
2026-03-22 06:07:38.568303,worker-05,62.83,55.19,62.06,58.17,51.1,49.65
2026-03-22 07:07:38.568304,worker-05,67.28,66.66,64.73,64.7,64.11,51.78
2026-03-22 08:07:38.568304,worker-05,75.35,63.79,66.21,44.16,37.39,52.97
2026-03-22 09:07:38.568305,worker-05,84.84,70.72,66.4,66.8,55.68,53.12
2026-03-22 10:07:38.568305,worker-05,55.39,65.36,65.28,54.07,63.8,52.22
2026-03-22 11:07:38.568306,worker-05,54.41,64.17,62.94,44.67,52.68,50.35
2026-03-22 12:07:38.568306,worker-05,81.93,77.22,59.53,42.81,40.35,47.62
2026-03-22 13:07:38.568307,worker-05,28.97,30.5,55.29,48.97,51.57,44.23
2026-03-22 14:07:38.568308,worker-05,55.59,61.54,50.51,42.16,46.68,40.41
2026-03-22 15:07:38.568308,worker-05,66.28,65.19,45.52,30.29,29.79,36.42
2026-03-22 16:07:38.568309,worker-05,39.31,42.06,40.67,37.08,39.67,32.54
2026-03-22 17:07:38.568309,worker-05,36.77,32.11,36.29,32.54,28.42,29.03
2026-03-22 18:07:38.568310,worker-05,28.68,23.93,32.68,32.75,27.33,26.15
2026-03-22 19:07:38.568310,worker-05,36.87,39.38,30.09,12.87,13.74,24.08
2026-03-22 20:07:38.568311,worker-05,27.95,32.89,28.71,32.03,37.71,22.96
2026-03-22 21:07:38.568311,worker-05,7.92,7.06,28.61,23.09,20.6,22.89
2026-03-22 22:07:38.568312,worker-05,38.22,38.87,29.82,25.96,26.4,23.86
2026-03-22 23:07:38.568312,worker-05,42.17,41.08,32.25,7.64,7.44,25.8
2026-03-23 00:07:38.568313,worker-05,28.09,23.67,35.72,39.31,33.13,28.58
2026-03-23 01:07:38.568314,worker-05,45.76,40.44,40.01,38.34,33.89,32.01
2026-03-23 02:07:38.568314,worker-05,57.0,61.75,44.81,43.5,47.12,35.85
2026-03-23 03:07:38.568315,worker-05,50.59,46.01,49.8,26.88,24.45,39.84
2026-03-23 04:07:38.568315,worker-05,69.95,56.76,54.63,36.47,29.6,43.7
2026-03-23 05:07:38.568316,worker-05,50.46,54.54,58.97,61.25,66.2,47.17
2026-03-23 06:07:38.568316,worker-05,77.46,82.79,62.51,64.97,69.44,50.01
2026-03-23 07:07:38.568317,worker-05,65.73,70.53,65.02,69.08,74.13,52.01
2026-03-23 08:07:38.568317,worker-05,71.39,81.88,66.32,48.35,55.46,53.05
2026-03-23 09:07:38.568318,worker-05,71.66,60.41,66.32,51.97,43.81,53.05
2026-03-23 10:07:38.568319,worker-05,74.72,89.21,65.02,46.19,55.14,52.01
2026-03-23 11:07:38.568319,worker-05,51.59,51.41,62.51,49.07,48.89,50.01
2026-03-23 12:07:38.568320,worker-05,64.93,71.36,58.97,42.51,46.72,47.17
2026-03-23 13:07:38.568320,worker-05,38.34,44.79,54.63,43.79,51.16,43.7
2026-03-23 14:07:38.568321,worker-05,61.37,70.26,49.8,41.59,47.61,39.84
2026-03-23 15:07:38.568321,worker-05,36.19,30.57,44.81,34.68,29.3,35.85
2026-03-23 16:07:38.568322,worker-05,38.86,35.92,40.01,27.73,25.63,32.01
2026-03-23 17:07:38.568322,worker-05,35.01,30.62,35.72,18.98,16.6,28.58
2026-03-23 18:07:38.568323,worker-05,32.77,31.95,32.25,18.89,18.42,25.8
2026-03-23 19:07:38.568323,worker-05,35.78,41.47,29.82,34.36,39.82,23.86
2026-03-23 20:07:38.568324,worker-05,34.73,34.83,28.61,27.31,27.39,22.89
2026-03-23 21:07:38.568324,worker-05,36.08,30.19,28.71,7.41,6.2,22.96
2026-03-23 22:07:38.568325,worker-05,31.76,35.62,30.09,46.9,52.59,24.08
2026-03-23 23:07:38.568326,worker-05,19.04,19.7,32.68,27.01,27.96,26.15
2026-03-24 00:07:38.568326,worker-05,46.86,42.87,36.29,27.62,25.27,29.03
2026-03-24 01:07:38.568327,worker-05,46.06,50.32,40.67,34.13,37.29,32.54
2026-03-24 02:07:38.568327,worker-05,41.75,41.66,45.52,30.09,30.03,36.42
2026-03-24 03:07:38.568328,worker-05,69.57,77.11,50.51,32.17,35.66,40.41
2026-03-24 04:07:38.568328,worker-05,52.23,57.59,55.29,54.41,60.0,44.23
2026-03-24 05:07:38.568329,worker-05,47.91,43.44,59.53,49.06,44.48,47.62
2026-03-24 06:07:38.568329,worker-05,72.89,86.18,62.94,53.36,63.09,50.35
2026-03-24 07:07:38.568330,worker-05,64.39,64.67,65.28,64.64,64.92,52.22
2026-03-24 08:07:38.568330,worker-05,67.76,57.65,66.4,49.44,42.06,53.12
2026-03-24 09:07:38.568331,worker-05,59.25,59.83,66.21,52.43,52.95,52.97
2026-03-24 10:07:38.568332,worker-05,83.87,100.0,64.73,57.81,68.96,51.78
2026-03-24 11:07:38.568332,worker-05,38.99,45.79,62.06,41.67,48.93,49.65
2026-03-24 12:07:38.568333,worker-05,63.77,60.62,58.39,49.99,47.52,46.71
2026-03-24 13:07:38.568333,worker-05,55.45,52.77,53.96,49.62,47.22,43.17
2026-03-24 14:07:38.568334,worker-05,59.16,70.07,49.09,31.65,37.49,39.27
2026-03-24 15:07:38.568334,worker-05,52.83,43.8,44.11,47.27,39.2,35.29
2026-03-24 16:07:38.568335,worker-05,38.07,36.9,39.36,42.43,41.13,31.49
2026-03-24 17:07:38.568335,worker-05,36.04,38.71,35.17,26.01,27.93,28.14
2026-03-24 18:07:38.568336,worker-05,29.41,25.48,31.83,16.64,14.42,25.46
2026-03-24 19:07:38.568336,worker-05,38.92,35.93,29.57,34.52,31.87,23.66
2026-03-24 20:07:38.568337,worker-05,40.31,36.8,28.55,34.37,31.38,22.84
2026-03-24 21:07:38.568337,worker-05,29.94,34.88,28.83,0.0,0.0,23.06
2026-03-24 22:07:38.568338,worker-05,19.18,17.01,30.39,28.12,24.95,24.32
2026-03-24 23:07:38.568339,worker-05,33.91,39.02,33.14,39.75,45.73,26.51
2026-03-25 00:07:38.568339,worker-05,40.28,43.95,36.88,50.03,54.58,29.5
2026-03-25 01:07:38.568340,worker-05,7.29,6.62,41.34,23.28,21.15,33.08
2026-03-25 02:07:38.568340,worker-05,62.23,53.69,46.24,37.66,32.49,36.99
2026-03-25 03:07:38.568341,worker-05,42.24,40.66,51.21,55.56,53.49,40.97
2026-03-25 04:07:38.568341,worker-05,54.15,55.06,55.93,37.4,38.03,44.75
2026-03-25 05:07:38.568342,worker-05,66.85,67.38,60.07,49.11,49.5,48.06
2026-03-25 06:07:38.568342,worker-05,49.35,49.62,63.34,44.8,45.04,50.67
2026-03-25 07:07:38.568343,worker-05,72.3,81.51,65.52,49.09,55.35,52.41
2026-03-25 08:07:38.568344,worker-05,69.52,79.7,66.45,67.84,77.78,53.16
2026-03-25 09:07:38.568344,worker-05,78.53,77.3,66.07,47.44,46.7,52.86
2026-03-25 10:07:38.568345,worker-05,87.45,75.86,64.42,60.64,52.6,51.53
2026-03-25 11:07:38.568345,worker-05,59.19,51.69,61.59,48.94,42.75,49.27
2026-03-25 12:07:38.568346,worker-05,57.43,64.42,57.8,40.74,45.7,46.24
2026-03-25 13:07:38.568346,worker-05,70.9,62.91,53.29,49.12,43.58,42.63
2026-03-25 14:07:38.568347,worker-05,56.06,66.51,48.38,45.92,54.48,38.7
2026-03-25 15:07:38.568347,worker-05,30.41,29.16,43.41,38.72,37.13,34.73
2026-03-25 16:07:38.568348,worker-05,23.13,20.81,38.72,25.87,23.27,30.98
2026-03-25 17:07:38.568348,worker-05,33.04,31.64,34.63,39.36,37.7,27.71
2026-03-25 18:07:38.568349,worker-05,40.49,32.84,31.44,35.48,28.77,25.15
2026-03-25 19:07:38.568349,worker-05,19.44,21.08,29.35,41.73,45.26,23.48
2026-03-25 20:07:38.568350,worker-05,13.19,13.66,28.5,7.65,7.93,22.8
2026-03-25 21:07:38.568350,worker-05,34.08,33.53,28.97,26.51,26.09,23.18
2026-03-25 22:07:38.568351,worker-05,40.09,35.27,30.72,35.67,31.38,24.57
2026-03-25 23:07:38.568352,worker-05,22.69,26.88,33.62,39.19,46.43,26.9
2026-03-26 00:07:38.568352,worker-05,37.0,33.19,37.48,19.17,17.19,29.98
2026-03-26 01:07:38.568353,worker-05,44.76,49.86,42.03,23.22,25.86,33.62
2026-03-26 02:07:38.568353,worker-05,17.31,18.28,46.95,18.27,19.3,37.56
2026-03-26 03:07:38.568354,worker-05,35.6,28.73,51.91,29.03,23.43,41.53
2026-03-26 04:07:38.568354,worker-05,71.49,84.69,56.57,51.81,61.37,45.25
2026-03-26 05:07:38.568355,worker-05,49.36,46.41,60.6,59.25,55.7,48.48
2026-03-26 06:07:38.568355,worker-05,64.25,58.38,63.72,48.82,44.36,50.98
2026-03-26 07:07:38.568356,worker-05,71.27,80.04,65.73,57.39,64.46,52.58
2026-03-26 08:07:38.568356,worker-05,78.71,80.54,66.48,74.4,76.12,53.18
2026-03-26 09:07:38.568357,worker-05,72.95,67.58,65.91,69.92,64.77,52.73
2026-03-26 10:07:38.568358,worker-05,58.94,49.68,64.08,52.08,43.89,51.27
2026-03-26 11:07:38.568358,worker-05,63.4,60.68,61.1,50.44,48.28,48.88
2026-03-26 12:07:38.568359,worker-05,76.19,73.04,57.19,44.92,43.06,45.75
2026-03-26 13:07:38.568359,worker-05,56.04,64.83,52.6,45.34,52.45,42.08
2026-03-26 14:07:38.568360,worker-05,63.76,65.92,47.66,58.26,60.23,38.13
2026-03-26 15:07:38.568360,worker-05,40.3,45.19,42.71,23.14,25.95,34.17
2026-03-26 16:07:38.568361,worker-05,49.36,45.27,38.09,24.72,22.67,30.47
2026-03-26 17:07:38.568361,worker-05,30.82,33.03,34.12,24.07,25.8,27.29
2026-03-26 18:07:38.568362,worker-05,30.13,25.22,31.07,8.35,6.99,24.85
2026-03-26 19:07:38.568362,worker-05,17.28,18.35,29.15,26.11,27.73,23.32
2026-03-26 20:07:38.568363,worker-05,24.61,22.39,28.49,14.01,12.75,22.79
2026-03-19 21:07:38.568266,cluster,30.884000000000004,30.351999999999997,26.088,25.446,24.856,20.869999999999997
2026-03-19 22:07:38.568272,cluster,30.82,31.169999999999998,26.689999999999998,29.662,29.488,21.351999999999997
2026-03-19 23:07:38.568273,cluster,32.775999999999996,33.164,28.448,30.387999999999998,30.586000000000002,22.758000000000003
2026-03-20 00:07:38.568274,cluster,36.364,34.14,31.242,21.144,20.318,24.991999999999997
2026-03-20 01:07:38.568275,cluster,38.884,36.052,34.88,27.028000000000002,24.962,27.903999999999996
2026-03-20 02:07:38.568275,cluster,39.988,41.653999999999996,39.11,36.742000000000004,37.888,31.29
2026-03-20 03:07:38.568276,cluster,37.896,36.386,43.644,38.808,37.936,34.916000000000004
2026-03-20 04:07:38.568276,cluster,51.653999999999996,54.760000000000005,48.166,39.532,42.792,38.534
2026-03-20 05:07:38.568277,cluster,60.568000000000005,59.972,52.366,40.08,41.176,41.894
2026-03-20 06:07:38.568278,cluster,65.65599999999999,69.296,55.952,55.036,58.714,44.760000000000005
2026-03-20 07:07:38.568278,cluster,59.742000000000004,54.257999999999996,58.678,44.47,40.178,46.942
2026-03-20 08:07:38.568279,cluster,61.544,59.124,60.355999999999995,58.174,56.434000000000005,48.284
2026-03-20 09:07:38.568279,cluster,70.572,76.536,60.870000000000005,42.646,47.114,48.696000000000005
2026-03-20 10:07:38.568280,cluster,58.24400000000001,58.964,60.186,50.62,51.21,48.148
2026-03-20 11:07:38.568280,cluster,68.49600000000001,61.989999999999995,58.35,46.272000000000006,41.778,46.682
2026-03-20 12:07:38.568281,cluster,53.576,53.168000000000006,55.488,48.076,48.160000000000004,44.391999999999996
2026-03-20 13:07:38.568281,cluster,54.410000000000004,52.812,51.79600000000001,45.995999999999995,44.501999999999995,41.436
2026-03-20 14:07:38.568282,cluster,49.486000000000004,51.508,47.534000000000006,51.038,52.754,38.025999999999996
2026-03-20 15:07:38.568282,cluster,45.634,42.226,42.992000000000004,39.065999999999995,36.238,34.392
2026-03-20 16:07:38.568283,cluster,47.852,51.226,38.482000000000006,34.69199999999999,38.54,30.788
2026-03-20 17:07:38.568283,cluster,38.142,41.884,34.32,29.881999999999998,32.412,27.454
2026-03-20 18:07:38.568284,cluster,33.092,30.387999999999998,30.786,23.386000000000003,21.168,24.625999999999998
2026-03-20 19:07:38.568284,cluster,32.948,31.410000000000004,28.130000000000003,20.812,19.884,22.502000000000002
2026-03-20 20:07:38.568285,cluster,29.784000000000002,30.994,26.53,24.008,25.006,21.224
2026-03-20 21:07:38.568285,cluster,29.130000000000003,28.157999999999998,26.1,22.712,21.692,20.881999999999998
2026-03-20 22:07:38.568286,cluster,27.748,26.994,26.872000000000003,26.491999999999997,26.324,21.5
2026-03-20 23:07:38.568287,cluster,25.436,25.683999999999997,28.786,24.368000000000002,23.92,23.028
2026-03-21 00:07:38.568287,cluster,32.474000000000004,32.912,31.714,29.824,29.782,25.372
2026-03-21 01:07:38.568288,cluster,29.55,30.768,35.454,32.147999999999996,31.921999999999997,28.363999999999997
2026-03-21 02:07:38.568288,cluster,42.4,45.71,39.75,29.913999999999998,32.424,31.798000000000002
2026-03-21 03:07:38.568289,cluster,39.152,38.751999999999995,44.298,40.769999999999996,40.594,35.438
2026-03-21 04:07:38.568289,cluster,47.424,45.284000000000006,48.792,46.576,44.424,39.034000000000006
2026-03-21 05:07:38.568290,cluster,59.718,60.955999999999996,52.922000000000004,42.388,42.936,42.338
2026-03-21 06:07:38.568290,cluster,63.918000000000006,63.78000000000001,56.398,47.214,47.866,45.118
2026-03-21 07:07:38.568291,cluster,63.902,64.598,58.986000000000004,45.396,45.577999999999996,47.188
2026-03-21 08:07:38.568291,cluster,69.824,68.522,60.501999999999995,57.512,56.644000000000005,48.402
2026-03-21 09:07:38.568292,cluster,67.362,70.804,60.84400000000001,51.144,54.286,48.678
2026-03-21 10:07:38.568293,cluster,62.098,58.086,59.992,47.35,43.428,47.992
2026-03-21 11:07:38.568293,cluster,68.43199999999999,65.402,58.0,49.3,46.922000000000004,46.398
2026-03-21 12:07:38.568294,cluster,55.912,55.04600000000001,55.004,38.756,37.882,44.004
2026-03-21 13:07:38.568294,cluster,51.694,53.657999999999994,51.214,36.172000000000004,38.492000000000004,40.976
2026-03-21 14:07:38.568295,cluster,48.760000000000005,46.348,46.894,38.348,36.42,37.516
2026-03-21 15:07:38.568295,cluster,47.164,44.628,42.338,38.059999999999995,36.61,33.87
2026-03-21 16:07:38.568296,cluster,45.3,45.564,37.858000000000004,24.910000000000004,25.174,30.288
2026-03-21 17:07:38.568296,cluster,31.526,32.208000000000006,33.769999999999996,34.019999999999996,35.010000000000005,27.014
2026-03-21 18:07:38.568297,cluster,32.376,31.802,30.346000000000004,23.726,23.374000000000002,24.276
2026-03-21 19:07:38.568297,cluster,31.381999999999998,33.668,27.830000000000002,27.6,29.258000000000003,22.266
2026-03-21 20:07:38.568298,cluster,34.602,34.926,26.398000000000003,19.588,19.938,21.116
2026-03-21 21:07:38.568298,cluster,28.982,29.594,26.137999999999998,25.692,26.002,20.91
2026-03-21 22:07:38.568299,cluster,33.025999999999996,31.579999999999995,27.074,27.668,26.416000000000004,21.662
2026-03-21 23:07:38.568300,cluster,38.258,39.568,29.146000000000004,31.369999999999997,32.734,23.316
2026-03-22 00:07:38.568300,cluster,35.184000000000005,31.374000000000002,32.20399999999999,31.9,28.312,25.766000000000002
2026-03-22 01:07:38.568301,cluster,44.638,40.980000000000004,36.04,27.496,24.9,28.832
2026-03-22 02:07:38.568301,cluster,44.602,40.682,40.39,28.02,25.554000000000002,32.312
2026-03-22 03:07:38.568302,cluster,53.81,50.416,44.952,43.302,40.67,35.962
2026-03-22 04:07:38.568302,cluster,52.73,55.512,49.414,39.594,41.396,39.53
2026-03-22 05:07:38.568303,cluster,50.096000000000004,56.012,53.465999999999994,48.186,53.67999999999999,42.772000000000006
2026-03-22 06:07:38.568303,cluster,60.524,54.501999999999995,56.827999999999996,50.7,45.518,45.464
2026-03-22 07:07:38.568304,cluster,62.403999999999996,59.35799999999999,59.27,49.024,46.926,47.418
2026-03-22 08:07:38.568304,cluster,63.462,64.22,60.626,45.532,45.372,48.5
2026-03-22 09:07:38.568305,cluster,65.864,66.214,60.79600000000001,50.32,50.168,48.638
2026-03-22 10:07:38.568305,cluster,53.362,54.705999999999996,59.775999999999996,55.00599999999999,56.61,47.818
2026-03-22 11:07:38.568306,cluster,53.492000000000004,49.784000000000006,57.629999999999995,54.44,50.188,46.104
2026-03-22 12:07:38.568306,cluster,61.508,61.592000000000006,54.50599999999999,39.648,41.12,43.608
2026-03-22 13:07:38.568307,cluster,48.424,48.408,50.626,42.802,42.706,40.5
2026-03-22 14:07:38.568308,cluster,53.602,53.965999999999994,46.25,38.902,39.848,37.001999999999995
2026-03-22 15:07:38.568308,cluster,50.332,51.302,41.684000000000005,34.757999999999996,36.226,33.346000000000004
2026-03-22 16:07:38.568309,cluster,45.086,47.356,37.242000000000004,24.34,24.788,29.794
2026-03-22 17:07:38.568309,cluster,39.510000000000005,35.660000000000004,33.227999999999994,34.338,31.666000000000004,26.584000000000003
2026-03-22 18:07:38.568310,cluster,29.586000000000002,26.236,29.926,21.03,18.192,23.939999999999998
2026-03-22 19:07:38.568310,cluster,35.089999999999996,34.284,27.556,13.478,12.600000000000001,22.046
2026-03-22 20:07:38.568311,cluster,35.656,37.33,26.286,22.616,24.182,21.026
2026-03-22 21:07:38.568311,cluster,25.772,23.94,26.198,20.516,19.413999999999998,20.958000000000002
2026-03-22 22:07:38.568312,cluster,29.165999999999997,27.85,27.306,25.256,23.91,21.845999999999997
2026-03-22 23:07:38.568312,cluster,32.536,34.634,29.53,17.18,18.386,23.622
2026-03-23 00:07:38.568313,cluster,35.266,35.230000000000004,32.712,28.842000000000002,28.220000000000006,26.168
2026-03-23 01:07:38.568314,cluster,41.424,40.20399999999999,36.636,24.476000000000003,24.746,29.308
2026-03-23 02:07:38.568314,cluster,42.748000000000005,42.888,41.034,38.64,39.198,32.83
2026-03-23 03:07:38.568315,cluster,47.620000000000005,42.442,45.602,28.454,25.346,36.482
2026-03-23 04:07:38.568315,cluster,59.422000000000004,57.672000000000004,50.024,35.646,35.344,40.018
2026-03-23 05:07:38.568316,cluster,53.182,53.49399999999999,53.99400000000001,50.513999999999996,50.977999999999994,43.194
2026-03-23 06:07:38.568316,cluster,60.029999999999994,56.60600000000001,57.238,58.04200000000001,53.838,45.791999999999994
2026-03-23 07:07:38.568317,cluster,63.620000000000005,62.064,59.536,52.196000000000005,51.54600000000001,47.624
2026-03-23 08:07:38.568317,cluster,65.46799999999999,61.524,60.726,52.872,48.942,48.58
2026-03-23 09:07:38.568318,cluster,66.236,60.227999999999994,60.726,51.136,47.258,48.58
2026-03-23 10:07:38.568319,cluster,66.834,76.478,59.536,55.306,62.946000000000005,47.624
2026-03-23 11:07:38.568319,cluster,61.23199999999999,64.58,57.238,44.166000000000004,46.844,45.791999999999994
2026-03-23 12:07:38.568320,cluster,54.104,50.672000000000004,53.99400000000001,48.306,44.47,43.194
2026-03-23 13:07:38.568320,cluster,46.508,47.712,50.024,38.368,40.076,40.018
2026-03-23 14:07:38.568321,cluster,51.736000000000004,47.054,45.602,33.384,30.657999999999998,36.482
2026-03-23 15:07:38.568321,cluster,46.058,45.754000000000005,41.034,33.964,33.428,32.83
2026-03-23 16:07:38.568322,cluster,40.306,37.864,36.636,27.778000000000002,26.574,29.308
2026-03-23 17:07:38.568322,cluster,39.208,38.426,32.712,21.288,20.584,26.168
2026-03-23 18:07:38.568323,cluster,34.022000000000006,34.769999999999996,29.53,23.474,25.444,23.622
2026-03-23 19:07:38.568323,cluster,22.678,24.131999999999998,27.306,30.089999999999996,30.894,21.845999999999997
2026-03-23 20:07:38.568324,cluster,29.380000000000003,27.994,26.198,20.878,19.913999999999998,20.958000000000002
2026-03-23 21:07:38.568324,cluster,35.20399999999999,35.212,26.286,17.582,17.452,21.026
2026-03-23 22:07:38.568325,cluster,27.918,30.088,27.556,30.776,33.366,22.046
2026-03-23 23:07:38.568326,cluster,29.416000000000004,29.077999999999996,29.926,22.954,22.622,23.939999999999998
2026-03-24 00:07:38.568326,cluster,39.327999999999996,37.745999999999995,33.227999999999994,27.666000000000004,26.976,26.584000000000003
2026-03-24 01:07:38.568327,cluster,38.424,39.956,37.242000000000004,36.78,37.646,29.794
2026-03-24 02:07:38.568327,cluster,44.43,45.098,41.684000000000005,32.118,32.932,33.346000000000004
2026-03-24 03:07:38.568328,cluster,51.49400000000001,51.774,46.25,36.392,36.92999999999999,37.001999999999995
2026-03-24 04:07:38.568328,cluster,53.826,54.553999999999995,50.626,44.1,45.004,40.5
2026-03-24 05:07:38.568329,cluster,59.116,57.726,54.50599999999999,41.124,39.896,43.608
2026-03-24 06:07:38.568329,cluster,61.775999999999996,65.16600000000001,57.629999999999995,53.272000000000006,56.338,46.104
2026-03-24 07:07:38.568330,cluster,61.803999999999995,59.95399999999999,59.775999999999996,51.452,50.251999999999995,47.818
2026-03-24 08:07:38.568330,cluster,58.778,57.148,60.79600000000001,52.15599999999999,51.384,48.638
2026-03-24 09:07:38.568331,cluster,62.628,61.215999999999994,60.626,49.370000000000005,48.594,48.5
2026-03-24 10:07:38.568332,cluster,74.054,70.85,59.27,48.778,46.964,47.418
2026-03-24 11:07:38.568332,cluster,59.974000000000004,58.620000000000005,56.827999999999996,56.455999999999996,55.902,45.464
2026-03-24 12:07:38.568333,cluster,61.658,66.482,53.465999999999994,45.184000000000005,48.480000000000004,42.772000000000006
2026-03-24 13:07:38.568333,cluster,60.11,61.314,49.414,51.705999999999996,51.988,39.53
2026-03-24 14:07:38.568334,cluster,45.15,51.52,44.952,30.786,34.636,35.962
2026-03-24 15:07:38.568334,cluster,35.760000000000005,31.044,40.39,35.256,30.753999999999998,32.312
2026-03-24 16:07:38.568335,cluster,35.338,34.410000000000004,36.04,36.148,36.20399999999999,28.832
2026-03-24 17:07:38.568335,cluster,34.384,32.962,32.20399999999999,21.162,20.924,25.766000000000002
2026-03-24 18:07:38.568336,cluster,34.03,32.477999999999994,29.146000000000004,16.546,15.734,23.316
2026-03-24 19:07:38.568336,cluster,32.71,30.312,27.074,24.666,22.944,21.662
2026-03-24 20:07:38.568337,cluster,28.898000000000003,28.9,26.137999999999998,27.729999999999997,27.203999999999997,20.91
2026-03-24 21:07:38.568337,cluster,32.184,32.5,26.398000000000003,23.35,22.022,21.116
2026-03-24 22:07:38.568338,cluster,22.768,22.398000000000003,27.830000000000002,13.716,12.774,22.266
2026-03-24 23:07:38.568339,cluster,31.27,31.666000000000004,30.346000000000004,33.706,34.372,24.276
2026-03-25 00:07:38.568339,cluster,33.556,32.616,33.769999999999996,42.186,41.513999999999996,27.014
2026-03-25 01:07:38.568340,cluster,28.706,30.332,37.858000000000004,29.375999999999998,29.51,30.288
2026-03-25 02:07:38.568340,cluster,49.089999999999996,50.962,42.338,37.508,38.715999999999994,33.87
2026-03-25 03:07:38.568341,cluster,51.176,50.946,46.894,44.704,43.87,37.516
2026-03-25 04:07:38.568341,cluster,55.767999999999994,59.176,51.214,49.275999999999996,52.364,40.976
2026-03-25 05:07:38.568342,cluster,55.024,51.064,55.004,42.93,39.256,44.004
2026-03-25 06:07:38.568342,cluster,58.338,60.056,58.0,49.636,50.496,46.398
2026-03-25 07:07:38.568343,cluster,58.67,60.522000000000006,59.992,49.708000000000006,51.279999999999994,47.992
2026-03-25 08:07:38.568344,cluster,62.69199999999999,63.234,60.84400000000001,53.90599999999999,54.69,48.678
2026-03-25 09:07:38.568344,cluster,59.822,57.902,60.501999999999995,48.14,45.266000000000005,48.402
2026-03-25 10:07:38.568345,cluster,68.962,66.554,58.986000000000004,56.568000000000005,54.980000000000004,47.188
2026-03-25 11:07:38.568345,cluster,53.474000000000004,50.980000000000004,56.398,43.232,40.852,45.118
2026-03-25 12:07:38.568346,cluster,53.794,57.23,52.922000000000004,43.056,45.75,42.338
2026-03-25 13:07:38.568346,cluster,54.314,52.227999999999994,48.792,51.98199999999999,49.606,39.034000000000006
2026-03-25 14:07:38.568347,cluster,52.117999999999995,52.634,44.298,33.88,35.114,35.438
2026-03-25 15:07:38.568347,cluster,42.424,39.30200000000001,39.75,35.108,32.564,31.798000000000002
2026-03-25 16:07:38.568348,cluster,29.357999999999997,30.504,35.454,19.878,20.194,28.363999999999997
2026-03-25 17:07:38.568348,cluster,29.560000000000002,30.351999999999997,31.714,32.352,33.238,25.372
2026-03-25 18:07:38.568349,cluster,32.534000000000006,33.07000000000001,28.786,31.266,31.932,23.028
2026-03-25 19:07:38.568349,cluster,30.988,28.338,26.872000000000003,23.304,23.71,21.5
2026-03-25 20:07:38.568350,cluster,20.222,22.248,26.1,16.788,18.433999999999997,20.881999999999998
2026-03-25 21:07:38.568350,cluster,39.254,40.934000000000005,26.53,24.158,24.188,21.224
2026-03-25 22:07:38.568351,cluster,27.580000000000002,27.160000000000004,28.130000000000003,24.357999999999997,24.19,22.502000000000002
2026-03-25 23:07:38.568352,cluster,29.714,30.371999999999996,30.786,30.642000000000003,32.756,24.625999999999998
2026-03-26 00:07:38.568352,cluster,37.212,39.996,34.32,32.525999999999996,35.88,27.454
2026-03-26 01:07:38.568353,cluster,42.726,42.248000000000005,38.482000000000006,20.084,20.02,30.788
2026-03-26 02:07:38.568353,cluster,32.384,34.65,42.992000000000004,34.61,37.588,34.392
2026-03-26 03:07:38.568354,cluster,43.269999999999996,42.536,47.534000000000006,37.598,36.944,38.025999999999996
2026-03-26 04:07:38.568354,cluster,55.948,60.548,51.79600000000001,47.78,51.48199999999999,41.436
2026-03-26 05:07:38.568355,cluster,52.358000000000004,47.326,55.488,43.214,39.32,44.391999999999996
2026-03-26 06:07:38.568355,cluster,64.28399999999999,64.42999999999999,58.35,49.65,49.822,46.682
2026-03-26 07:07:38.568356,cluster,61.072,61.362,60.186,51.574,51.672000000000004,48.148
2026-03-26 08:07:38.568356,cluster,62.291999999999994,63.11,60.870000000000005,55.56600000000001,56.278,48.696000000000005
2026-03-26 09:07:38.568357,cluster,62.260000000000005,59.742,60.355999999999995,47.062,44.378,48.284
2026-03-26 10:07:38.568358,cluster,60.803999999999995,61.267999999999994,58.678,59.629999999999995,60.762,46.942
2026-03-26 11:07:38.568358,cluster,58.564,57.32000000000001,55.952,51.54,50.452000000000005,44.760000000000005
2026-03-26 12:07:38.568359,cluster,64.466,62.215999999999994,52.366,44.346000000000004,43.528,41.894
2026-03-26 13:07:38.568359,cluster,41.288,45.233999999999995,48.166,40.446000000000005,43.354,38.534
2026-03-26 14:07:38.568360,cluster,52.056,52.489999999999995,43.644,43.346,43.888,34.916000000000004
2026-03-26 15:07:38.568360,cluster,38.534,40.18,39.11,29.116000000000003,30.639999999999997,31.29
2026-03-26 16:07:38.568361,cluster,36.536,36.622,34.88,38.184000000000005,39.28,27.903999999999996
2026-03-26 17:07:38.568361,cluster,39.298,43.982,31.242,19.812,22.308,24.991999999999997
2026-03-26 18:07:38.568362,cluster,30.422000000000004,28.201999999999998,28.448,20.604,19.226000000000003,22.758000000000003
2026-03-26 19:07:38.568362,cluster,17.716,18.898000000000003,26.689999999999998,29.692,30.904000000000003,21.351999999999997
2026-03-26 20:07:38.568363,cluster,32.368,31.088,26.088,19.086000000000002,18.478,20.869999999999997
